=== 2026/3/22 22:33:09 ===
BasicInfo:
[Fail]ExecuteCommand need connect-key? please confirm a device by help info

Resolution:
[Fail]ExecuteCommand need connect-key? please confirm a device by help info

Battery:
[Fail]ExecuteCommand need connect-key? please confirm a device by help info

Storage:
[Fail]ExecuteCommand need connect-key? please confirm a device by help info


=== 2026/3/22 22:33:50 ===
BasicInfo:
HUAWEI WATCH 5 
/bin/sh: shell: inaccessible or not found

Resolution:

-------------------------------[ability]-------------------------------


----------------------------------RenderService----------------------------------
-- ScreenInfo
screen[0]: id=0, powerStatus=POWER_STATUS_ON, backlight=17091, screenType=EXTERNAL_TYPE, render resolution=466x466, physical resolution=466x466, isVirtual=false, skipFrameInterval=1, expectedRefreshRate=-1, skipFrameStrategy=0
supportedMode[0]: 466x466, refreshRate=60
supportedMode[1]: 466x466, refreshRate=30
activeMode: 466x466, refreshRate=60
name=, phyWidth=38, phyHeight=38, supportLayers=12, virtualDispCount=0, propertyCount=0, type=DISP_INTF_HDMI, supportWriteBack=false
isSamplingOn=0, samplingScale=1.00, samplingTranslateX=0.00, samplingTranslateY=0.00
enableVisibleRect=0, mainScreenVisibleRect_=[0,0,0,0]

Battery:

-------------------------------[ability]-------------------------------


----------------------------------BatteryService----------------------------------
Current time: 2026-03-22 22:33:49.456
capacity: 100 
batteryLevel: 1 
chargingStatus: 0 
healthState: 0 
pluggedType: 0 
voltage: 4459000 
present: 1 
technology: Unknown 
nowCurrent: -3 
currentAverage: 470 
totalEnergy: 824 
remainingEnergy: 824 
remainingChargeTime: 0 
temperature: 298 
chargeType: 4 

Storage:
Filesystem                  Size  Used Avail Use% Mounted on
/dev/block/by-name/userdata  14G  3.9G   10G  30% /data


=== 2026/3/22 22:34:38 ===
BasicInfo:
HUAWEI WATCH 5 
/bin/sh: shell: inaccessible or not found

Resolution:

-------------------------------[ability]-------------------------------


----------------------------------RenderService----------------------------------
-- ScreenInfo
screen[0]: id=0, powerStatus=POWER_STATUS_ON, backlight=17091, screenType=EXTERNAL_TYPE, render resolution=466x466, physical resolution=466x466, isVirtual=false, skipFrameInterval=1, expectedRefreshRate=-1, skipFrameStrategy=0
supportedMode[0]: 466x466, refreshRate=60
supportedMode[1]: 466x466, refreshRate=30
activeMode: 466x466, refreshRate=60
name=, phyWidth=38, phyHeight=38, supportLayers=12, virtualDispCount=0, propertyCount=0, type=DISP_INTF_HDMI, supportWriteBack=false
isSamplingOn=0, samplingScale=1.00, samplingTranslateX=0.00, samplingTranslateY=0.00
enableVisibleRect=0, mainScreenVisibleRect_=[0,0,0,0]

Battery:

-------------------------------[ability]-------------------------------


----------------------------------BatteryService----------------------------------
Current time: 2026-03-22 22:34:37.481
capacity: 100 
batteryLevel: 1 
chargingStatus: 0 
healthState: 0 
pluggedType: 0 
voltage: 4452000 
present: 1 
technology: Unknown 
nowCurrent: -53 
currentAverage: 470 
totalEnergy: 824 
remainingEnergy: 824 
remainingChargeTime: 0 
temperature: 301 
chargeType: 4 

Storage:
Filesystem                  Size  Used Avail Use% Mounted on
/dev/block/by-name/userdata  14G  3.9G   10G  30% /data


=== 2026/3/22 22:37:47 ===
Name: HUAWEI WATCH 5 

Model: RTS-AL00 

SysVer: RTS-AL00CN 6.0.0.120(SP19C00E101R1P101) 

Api: 22 

Cpu: arm64-v8a 

Resolution: 
-------------------------------[ability]-------------------------------


----------------------------------RenderService----------------------------------
-- ScreenInfo
screen[0]: id=0, powerStatus=POWER_STATUS_ON, backlight=17733, screenType=EXTERNAL_TYPE, render resolution=466x466, physical resolution=466x466, isVirtual=false, skipFrameInterval=1, expectedRefreshRate=-1, skipFrameStrategy=0
supportedMode[0]: 466x466, refreshRate=60
supportedMode[1]: 466x466, refreshRate=30
activeMode: 466x466, refreshRate=60
name=, phyWidth=38, phyHeight=38, supportLayers=12, virtualDispCount=0, propertyCount=0, type=DISP_INTF_HDMI, supportWriteBack=false
isSamplingOn=0, samplingScale=1.00, samplingTranslateX=0.00, samplingTranslateY=0.00
enableVisibleRect=0, mainScreenVisibleRect_=[0,0,0,0]

Battery: 
-------------------------------[ability]-------------------------------


----------------------------------BatteryService----------------------------------
Current time: 2026-03-22 22:37:46.624
capacity: 100 
batteryLevel: 1 
chargingStatus: 0 
healthState: 0 
pluggedType: 0 
voltage: 4450000 
present: 1 
technology: Unknown 
nowCurrent: -32 
currentAverage: 470 
totalEnergy: 824 
remainingEnergy: 824 
remainingChargeTime: 0 
temperature: 307 
chargeType: 4 

Storage: Filesystem                  Size  Used Avail Use% Mounted on
/dev/block/by-name/userdata  14G  3.9G   10G  30% /data


=== 2026/3/22 22:40:49 ===
Name: HUAWEI WATCH 5 

Model: RTS-AL00 

SysVer: RTS-AL00CN 6.0.0.120(SP19C00E101R1P101) 

Api: 22 

Cpu: arm64-v8a 

Resolution: 
-------------------------------[ability]-------------------------------


----------------------------------RenderService----------------------------------
-- ScreenInfo
screen[0]: id=0, powerStatus=POWER_STATUS_ON, backlight=12593, screenType=EXTERNAL_TYPE, render resolution=466x466, physical resolution=466x466, isVirtual=false, skipFrameInterval=1, expectedRefreshRate=-1, skipFrameStrategy=0
supportedMode[0]: 466x466, refreshRate=60
supportedMode[1]: 466x466, refreshRate=30
activeMode: 466x466, refreshRate=60
name=, phyWidth=38, phyHeight=38, supportLayers=12, virtualDispCount=0, propertyCount=0, type=DISP_INTF_HDMI, supportWriteBack=false
isSamplingOn=0, samplingScale=1.00, samplingTranslateX=0.00, samplingTranslateY=0.00
enableVisibleRect=0, mainScreenVisibleRect_=[0,0,0,0]

Battery: 
-------------------------------[ability]-------------------------------


----------------------------------BatteryService----------------------------------
Current time: 2026-03-22 22:40:48.582
capacity: 100 
batteryLevel: 1 
chargingStatus: 0 
healthState: 0 
pluggedType: 0 
voltage: 4448000 
present: 1 
technology: Unknown 
nowCurrent: -22 
currentAverage: 470 
totalEnergy: 824 
remainingEnergy: 824 
remainingChargeTime: 0 
temperature: 311 
chargeType: 4 

Storage: Filesystem                  Size  Used Avail Use% Mounted on
/dev/block/by-name/userdata  14G  3.9G   10G  30% /data


=== 2026/3/22 22:44:10 ===
Name: HUAWEI WATCH 5 

Model: RTS-AL00 

SysVer: RTS-AL00CN 6.0.0.120(SP19C00E101R1P101) 

Api: 22 

Cpu: arm64-v8a 

Resolution: 
-------------------------------[ability]-------------------------------


----------------------------------RenderService----------------------------------
-- ScreenInfo
screen[0]: id=0, powerStatus=POWER_STATUS_ON, backlight=12593, screenType=EXTERNAL_TYPE, render resolution=466x466, physical resolution=466x466, isVirtual=false, skipFrameInterval=1, expectedRefreshRate=-1, skipFrameStrategy=0
supportedMode[0]: 466x466, refreshRate=60
supportedMode[1]: 466x466, refreshRate=30
activeMode: 466x466, refreshRate=60
name=, phyWidth=38, phyHeight=38, supportLayers=12, virtualDispCount=0, propertyCount=0, type=DISP_INTF_HDMI, supportWriteBack=false
isSamplingOn=0, samplingScale=1.00, samplingTranslateX=0.00, samplingTranslateY=0.00
enableVisibleRect=0, mainScreenVisibleRect_=[0,0,0,0]

Battery: 
-------------------------------[ability]-------------------------------


----------------------------------BatteryService----------------------------------
Current time: 2026-03-22 22:44:10.285
capacity: 99 
batteryLevel: 2 
chargingStatus: 0 
healthState: 0 
pluggedType: 0 
voltage: 4447000 
present: 1 
technology: Unknown 
nowCurrent: -23 
currentAverage: 470 
totalEnergy: 825 
remainingEnergy: 816 
remainingChargeTime: 0 
temperature: 315 
chargeType: 4 

Storage: Filesystem                  Size  Used Avail Use% Mounted on
/dev/block/by-name/userdata  14G  3.9G   10G  30% /data


=== 2026/3/22 22:44:29 ===
Name: HUAWEI WATCH 5 

Model: RTS-AL00 

SysVer: RTS-AL00CN 6.0.0.120(SP19C00E101R1P101) 

Api: 22 

Cpu: arm64-v8a 

Resolution: 
-------------------------------[ability]-------------------------------


----------------------------------RenderService----------------------------------
-- ScreenInfo
screen[0]: id=0, powerStatus=POWER_STATUS_ON, backlight=12593, screenType=EXTERNAL_TYPE, render resolution=466x466, physical resolution=466x466, isVirtual=false, skipFrameInterval=1, expectedRefreshRate=-1, skipFrameStrategy=0
supportedMode[0]: 466x466, refreshRate=60
supportedMode[1]: 466x466, refreshRate=30
activeMode: 466x466, refreshRate=60
name=, phyWidth=38, phyHeight=38, supportLayers=12, virtualDispCount=0, propertyCount=0, type=DISP_INTF_HDMI, supportWriteBack=false
isSamplingOn=0, samplingScale=1.00, samplingTranslateX=0.00, samplingTranslateY=0.00
enableVisibleRect=0, mainScreenVisibleRect_=[0,0,0,0]

Battery: 
-------------------------------[ability]-------------------------------


----------------------------------BatteryService----------------------------------
Current time: 2026-03-22 22:44:28.316
capacity: 99 
batteryLevel: 2 
chargingStatus: 0 
healthState: 0 
pluggedType: 0 
voltage: 4441000 
present: 1 
technology: Unknown 
nowCurrent: -54 
currentAverage: 470 
totalEnergy: 825 
remainingEnergy: 816 
remainingChargeTime: 0 
temperature: 315 
chargeType: 4 

Storage: Filesystem                  Size  Used Avail Use% Mounted on
/dev/block/by-name/userdata  14G  3.9G   10G  30% /data


=== 2026/3/22 22:45:28 ===
Name: HUAWEI WATCH 5 

Model: RTS-AL00 

SysVer: RTS-AL00CN 6.0.0.120(SP19C00E101R1P101) 

Api: 22 

Cpu: arm64-v8a 

Resolution: 
-------------------------------[ability]-------------------------------


----------------------------------RenderService----------------------------------
-- ScreenInfo
screen[0]: id=0, powerStatus=POWER_STATUS_ON, backlight=12593, screenType=EXTERNAL_TYPE, render resolution=466x466, physical resolution=466x466, isVirtual=false, skipFrameInterval=1, expectedRefreshRate=-1, skipFrameStrategy=0
supportedMode[0]: 466x466, refreshRate=60
supportedMode[1]: 466x466, refreshRate=30
activeMode: 466x466, refreshRate=60
name=, phyWidth=38, phyHeight=38, supportLayers=12, virtualDispCount=0, propertyCount=0, type=DISP_INTF_HDMI, supportWriteBack=false
isSamplingOn=0, samplingScale=1.00, samplingTranslateX=0.00, samplingTranslateY=0.00
enableVisibleRect=0, mainScreenVisibleRect_=[0,0,0,0]

Battery: 
-------------------------------[ability]-------------------------------


----------------------------------BatteryService----------------------------------
Current time: 2026-03-22 22:45:27.974
capacity: 99 
batteryLevel: 2 
chargingStatus: 0 
healthState: 0 
pluggedType: 0 
voltage: 4446000 
present: 1 
technology: Unknown 
nowCurrent: -18 
currentAverage: 470 
totalEnergy: 825 
remainingEnergy: 816 
remainingChargeTime: 0 
temperature: 317 
chargeType: 4 

Storage: Filesystem                  Size  Used Avail Use% Mounted on
/dev/block/by-name/userdata  14G  3.9G   10G  30% /data


=== 2026/3/22 22:47:46 ===
Name: HUAWEI WATCH 5 

Model: RTS-AL00 

SysVer: RTS-AL00CN 6.0.0.120(SP19C00E101R1P101) 

Api: 22 

Cpu: arm64-v8a 

Resolution: 
-------------------------------[ability]-------------------------------


----------------------------------RenderService----------------------------------
-- ScreenInfo
screen[0]: id=0, powerStatus=POWER_STATUS_ON, backlight=12593, screenType=EXTERNAL_TYPE, render resolution=466x466, physical resolution=466x466, isVirtual=false, skipFrameInterval=1, expectedRefreshRate=-1, skipFrameStrategy=0
supportedMode[0]: 466x466, refreshRate=60
supportedMode[1]: 466x466, refreshRate=30
activeMode: 466x466, refreshRate=60
name=, phyWidth=38, phyHeight=38, supportLayers=12, virtualDispCount=0, propertyCount=0, type=DISP_INTF_HDMI, supportWriteBack=false
isSamplingOn=0, samplingScale=1.00, samplingTranslateX=0.00, samplingTranslateY=0.00
enableVisibleRect=0, mainScreenVisibleRect_=[0,0,0,0]

Battery: 
-------------------------------[ability]-------------------------------


----------------------------------BatteryService----------------------------------
Current time: 2026-03-22 22:47:45.704
capacity: 99 
batteryLevel: 2 
chargingStatus: 0 
healthState: 0 
pluggedType: 0 
voltage: 4441000 
present: 1 
technology: Unknown 
nowCurrent: -18 
currentAverage: 470 
totalEnergy: 825 
remainingEnergy: 816 
remainingChargeTime: 0 
temperature: 318 
chargeType: 4 

Storage: Filesystem                  Size  Used Avail Use% Mounted on
/dev/block/by-name/userdata  14G  3.9G   10G  30% /data


=== 2026/3/22 22:57:09 ===
Name: HUAWEI WATCH 5 

Model: RTS-AL00 

SysVer: RTS-AL00CN 6.0.0.120(SP19C00E101R1P101) 

Api: 22 

Cpu: arm64-v8a 

Resolution: 
-------------------------------[ability]-------------------------------


----------------------------------RenderService----------------------------------
-- ScreenInfo
screen[0]: id=0, powerStatus=POWER_STATUS_ON, backlight=16834, screenType=EXTERNAL_TYPE, render resolution=466x466, physical resolution=466x466, isVirtual=false, skipFrameInterval=1, expectedRefreshRate=-1, skipFrameStrategy=0
supportedMode[0]: 466x466, refreshRate=60
supportedMode[1]: 466x466, refreshRate=30
activeMode: 466x466, refreshRate=60
name=, phyWidth=38, phyHeight=38, supportLayers=12, virtualDispCount=0, propertyCount=0, type=DISP_INTF_HDMI, supportWriteBack=false
isSamplingOn=0, samplingScale=1.00, samplingTranslateX=0.00, samplingTranslateY=0.00
enableVisibleRect=0, mainScreenVisibleRect_=[0,0,0,0]

Battery: 
-------------------------------[ability]-------------------------------


----------------------------------BatteryService----------------------------------
Current time: 2026-03-22 22:57:08.383
capacity: 99 
batteryLevel: 2 
chargingStatus: 0 
healthState: 0 
pluggedType: 0 
voltage: 4447000 
present: 1 
technology: Unknown 
nowCurrent: -40 
currentAverage: 470 
totalEnergy: 825 
remainingEnergy: 816 
remainingChargeTime: 0 
temperature: 311 
chargeType: 4 

Storage: Filesystem                  Size  Used Avail Use% Mounted on
/dev/block/by-name/userdata  14G  3.9G   10G  30% /data


=== 2026/3/22 22:57:42 ===
Name: HUAWEI WATCH 5 

Model: RTS-AL00 

SysVer: RTS-AL00CN 6.0.0.120(SP19C00E101R1P101) 

Api: 22 

Cpu: arm64-v8a 

Resolution: 
-------------------------------[ability]-------------------------------


----------------------------------RenderService----------------------------------
-- ScreenInfo
screen[0]: id=0, powerStatus=POWER_STATUS_ON, backlight=16834, screenType=EXTERNAL_TYPE, render resolution=466x466, physical resolution=466x466, isVirtual=false, skipFrameInterval=1, expectedRefreshRate=-1, skipFrameStrategy=0
supportedMode[0]: 466x466, refreshRate=60
supportedMode[1]: 466x466, refreshRate=30
activeMode: 466x466, refreshRate=60
name=, phyWidth=38, phyHeight=38, supportLayers=12, virtualDispCount=0, propertyCount=0, type=DISP_INTF_HDMI, supportWriteBack=false
isSamplingOn=0, samplingScale=1.00, samplingTranslateX=0.00, samplingTranslateY=0.00
enableVisibleRect=0, mainScreenVisibleRect_=[0,0,0,0]

Battery: 
-------------------------------[ability]-------------------------------


----------------------------------BatteryService----------------------------------
Current time: 2026-03-22 22:57:41.884
capacity: 99 
batteryLevel: 2 
chargingStatus: 0 
healthState: 0 
pluggedType: 0 
voltage: 4438000 
present: 1 
technology: Unknown 
nowCurrent: -27 
currentAverage: 470 
totalEnergy: 825 
remainingEnergy: 816 
remainingChargeTime: 0 
temperature: 313 
chargeType: 4 

Storage: Filesystem                  Size  Used Avail Use% Mounted on
/dev/block/by-name/userdata  14G  3.9G   10G  30% /data


=== 2026/3/22 22:57:55 ===
Name: HUAWEI WATCH 5 

Model: RTS-AL00 

SysVer: RTS-AL00CN 6.0.0.120(SP19C00E101R1P101) 

Api: 22 

Cpu: arm64-v8a 

Resolution: 
-------------------------------[ability]-------------------------------


----------------------------------RenderService----------------------------------
-- ScreenInfo
screen[0]: id=0, powerStatus=POWER_STATUS_ON, backlight=16834, screenType=EXTERNAL_TYPE, render resolution=466x466, physical resolution=466x466, isVirtual=false, skipFrameInterval=1, expectedRefreshRate=-1, skipFrameStrategy=0
supportedMode[0]: 466x466, refreshRate=60
supportedMode[1]: 466x466, refreshRate=30
activeMode: 466x466, refreshRate=60
name=, phyWidth=38, phyHeight=38, supportLayers=12, virtualDispCount=0, propertyCount=0, type=DISP_INTF_HDMI, supportWriteBack=false
isSamplingOn=0, samplingScale=1.00, samplingTranslateX=0.00, samplingTranslateY=0.00
enableVisibleRect=0, mainScreenVisibleRect_=[0,0,0,0]

Battery: 
-------------------------------[ability]-------------------------------


----------------------------------BatteryService----------------------------------
Current time: 2026-03-22 22:57:55.400
capacity: 99 
batteryLevel: 2 
chargingStatus: 0 
healthState: 0 
pluggedType: 0 
voltage: 4435000 
present: 1 
technology: Unknown 
nowCurrent: -52 
currentAverage: 470 
totalEnergy: 825 
remainingEnergy: 816 
remainingChargeTime: 0 
temperature: 313 
chargeType: 4 

Storage: Filesystem                  Size  Used Avail Use% Mounted on
/dev/block/by-name/userdata  14G  3.9G   10G  30% /data


=== 2026/3/22 23:06:52 ===
Name: HUAWEI WATCH 5 

Model: RTS-AL00 

SysVer: RTS-AL00CN 6.0.0.120(SP19C00E101R1P101) 

Api: 22 

Cpu: arm64-v8a 

Resolution: 
-------------------------------[ability]-------------------------------


----------------------------------RenderService----------------------------------
-- ScreenInfo
screen[0]: id=0, powerStatus=POWER_STATUS_ON, backlight=16191, screenType=EXTERNAL_TYPE, render resolution=466x466, physical resolution=466x466, isVirtual=false, skipFrameInterval=1, expectedRefreshRate=-1, skipFrameStrategy=0
supportedMode[0]: 466x466, refreshRate=60
supportedMode[1]: 466x466, refreshRate=30
activeMode: 466x466, refreshRate=60
name=, phyWidth=38, phyHeight=38, supportLayers=12, virtualDispCount=0, propertyCount=0, type=DISP_INTF_HDMI, supportWriteBack=false
isSamplingOn=0, samplingScale=1.00, samplingTranslateX=0.00, samplingTranslateY=0.00
enableVisibleRect=0, mainScreenVisibleRect_=[0,0,0,0]

Battery: 
-------------------------------[ability]-------------------------------


----------------------------------BatteryService----------------------------------
Current time: 2026-03-22 23:06:51.962
capacity: 98 
batteryLevel: 2 
chargingStatus: 0 
healthState: 0 
pluggedType: 0 
voltage: 4429000 
present: 1 
technology: Unknown 
nowCurrent: -99 
currentAverage: 470 
totalEnergy: 825 
remainingEnergy: 808 
remainingChargeTime: 0 
temperature: 322 
chargeType: 4 

Storage: Filesystem                  Size  Used Avail Use% Mounted on
/dev/block/by-name/userdata  14G  3.9G   10G  30% /data


=== 2026/3/22 23:10:01 ===
Name: HUAWEI WATCH 5 

Model: RTS-AL00 

SysVer: RTS-AL00CN 6.0.0.120(SP19C00E101R1P101) 

Api: 22 

Cpu: arm64-v8a 

Resolution: 
-------------------------------[ability]-------------------------------


----------------------------------RenderService----------------------------------
-- ScreenInfo
screen[0]: id=0, powerStatus=POWER_STATUS_ON, backlight=15420, screenType=EXTERNAL_TYPE, render resolution=466x466, physical resolution=466x466, isVirtual=false, skipFrameInterval=1, expectedRefreshRate=-1, skipFrameStrategy=0
supportedMode[0]: 466x466, refreshRate=60
supportedMode[1]: 466x466, refreshRate=30
activeMode: 466x466, refreshRate=60
name=, phyWidth=38, phyHeight=38, supportLayers=12, virtualDispCount=0, propertyCount=0, type=DISP_INTF_HDMI, supportWriteBack=false
isSamplingOn=0, samplingScale=1.00, samplingTranslateX=0.00, samplingTranslateY=0.00
enableVisibleRect=0, mainScreenVisibleRect_=[0,0,0,0]

Battery: 
-------------------------------[ability]-------------------------------


----------------------------------BatteryService----------------------------------
Current time: 2026-03-22 23:10:01.418
capacity: 98 
batteryLevel: 2 
chargingStatus: 0 
healthState: 0 
pluggedType: 0 
voltage: 4430000 
present: 1 
technology: Unknown 
nowCurrent: -106 
currentAverage: 470 
totalEnergy: 825 
remainingEnergy: 808 
remainingChargeTime: 0 
temperature: 323 
chargeType: 4 

Storage: Filesystem                  Size  Used Avail Use% Mounted on
/dev/block/by-name/userdata  14G  3.9G   10G  30% /data


=== 2026/3/22 23:10:10 ===
Name: HUAWEI WATCH 5 

Model: RTS-AL00 

SysVer: RTS-AL00CN 6.0.0.120(SP19C00E101R1P101) 

Api: 22 

Cpu: arm64-v8a 

Resolution: 
-------------------------------[ability]-------------------------------


----------------------------------RenderService----------------------------------
-- ScreenInfo
screen[0]: id=0, powerStatus=POWER_STATUS_ON, backlight=15420, screenType=EXTERNAL_TYPE, render resolution=466x466, physical resolution=466x466, isVirtual=false, skipFrameInterval=1, expectedRefreshRate=-1, skipFrameStrategy=0
supportedMode[0]: 466x466, refreshRate=60
supportedMode[1]: 466x466, refreshRate=30
activeMode: 466x466, refreshRate=60
name=, phyWidth=38, phyHeight=38, supportLayers=12, virtualDispCount=0, propertyCount=0, type=DISP_INTF_HDMI, supportWriteBack=false
isSamplingOn=0, samplingScale=1.00, samplingTranslateX=0.00, samplingTranslateY=0.00
enableVisibleRect=0, mainScreenVisibleRect_=[0,0,0,0]

Battery: 
-------------------------------[ability]-------------------------------


----------------------------------BatteryService----------------------------------
Current time: 2026-03-22 23:10:09.908
capacity: 98 
batteryLevel: 2 
chargingStatus: 0 
healthState: 0 
pluggedType: 0 
voltage: 4430000 
present: 1 
technology: Unknown 
nowCurrent: -44 
currentAverage: 470 
totalEnergy: 825 
remainingEnergy: 808 
remainingChargeTime: 0 
temperature: 323 
chargeType: 4 

Storage: Filesystem                  Size  Used Avail Use% Mounted on
/dev/block/by-name/userdata  14G  3.9G   10G  30% /data


=== 2026/3/22 23:10:20 ===
Name: HUAWEI WATCH 5 

Model: RTS-AL00 

SysVer: RTS-AL00CN 6.0.0.120(SP19C00E101R1P101) 

Api: 22 

Cpu: arm64-v8a 

Resolution: 
-------------------------------[ability]-------------------------------


----------------------------------RenderService----------------------------------
-- ScreenInfo
screen[0]: id=0, powerStatus=POWER_STATUS_ON, backlight=15420, screenType=EXTERNAL_TYPE, render resolution=466x466, physical resolution=466x466, isVirtual=false, skipFrameInterval=1, expectedRefreshRate=-1, skipFrameStrategy=0
supportedMode[0]: 466x466, refreshRate=60
supportedMode[1]: 466x466, refreshRate=30
activeMode: 466x466, refreshRate=60
name=, phyWidth=38, phyHeight=38, supportLayers=12, virtualDispCount=0, propertyCount=0, type=DISP_INTF_HDMI, supportWriteBack=false
isSamplingOn=0, samplingScale=1.00, samplingTranslateX=0.00, samplingTranslateY=0.00
enableVisibleRect=0, mainScreenVisibleRect_=[0,0,0,0]

Battery: 
-------------------------------[ability]-------------------------------


----------------------------------BatteryService----------------------------------
Current time: 2026-03-22 23:10:20.622
capacity: 98 
batteryLevel: 2 
chargingStatus: 0 
healthState: 0 
pluggedType: 0 
voltage: 4432000 
present: 1 
technology: Unknown 
nowCurrent: -29 
currentAverage: 470 
totalEnergy: 825 
remainingEnergy: 808 
remainingChargeTime: 0 
temperature: 323 
chargeType: 4 

Storage: Filesystem                  Size  Used Avail Use% Mounted on
/dev/block/by-name/userdata  14G  3.9G   10G  30% /data


=== 2026/3/22 23:12:09 ===
Name: 
Model: [Fail]ExecuteCommand need connect-key? please confirm a device by help info

SysVer: [Fail]ExecuteCommand need connect-key? please confirm a device by help info

Api: [Fail]ExecuteCommand need connect-key? please confirm a device by help info

Cpu: [Fail]ExecuteCommand need connect-key? please confirm a device by help info

Resolution: [Fail]ExecuteCommand need connect-key? please confirm a device by help info

Battery: [Fail]ExecuteCommand need connect-key? please confirm a device by help info

Storage: [Fail]ExecuteCommand need connect-key? please confirm a device by help info


=== 2026/3/22 23:14:11 ===
Name: HUAWEI WATCH 5 

Model: RTS-AL00 

SysVer: RTS-AL00CN 6.0.0.120(SP19C00E101R1P101) 

Api: 22 

Cpu: arm64-v8a 

Resolution: 
-------------------------------[ability]-------------------------------


----------------------------------RenderService----------------------------------
-- ScreenInfo
screen[0]: id=0, powerStatus=POWER_STATUS_ON, backlight=15420, screenType=EXTERNAL_TYPE, render resolution=466x466, physical resolution=466x466, isVirtual=false, skipFrameInterval=1, expectedRefreshRate=-1, skipFrameStrategy=0
supportedMode[0]: 466x466, refreshRate=60
supportedMode[1]: 466x466, refreshRate=30
activeMode: 466x466, refreshRate=60
name=, phyWidth=38, phyHeight=38, supportLayers=12, virtualDispCount=0, propertyCount=0, type=DISP_INTF_HDMI, supportWriteBack=false
isSamplingOn=0, samplingScale=1.00, samplingTranslateX=0.00, samplingTranslateY=0.00
enableVisibleRect=0, mainScreenVisibleRect_=[0,0,0,0]

Battery: 
-------------------------------[ability]-------------------------------


----------------------------------BatteryService----------------------------------
Current time: 2026-03-22 23:14:10.986
capacity: 98 
batteryLevel: 2 
chargingStatus: 0 
healthState: 0 
pluggedType: 0 
voltage: 4430000 
present: 1 
technology: Unknown 
nowCurrent: -29 
currentAverage: 470 
totalEnergy: 825 
remainingEnergy: 808 
remainingChargeTime: 0 
temperature: 325 
chargeType: 4 

Storage: Filesystem                  Size  Used Avail Use% Mounted on
/dev/block/by-name/userdata  14G  3.9G   10G  30% /data


=== 2026/3/22 23:29:38 ===
Name: HUAWEI WATCH 5 

Model: RTS-AL00 

SysVer: RTS-AL00CN 6.0.0.120(SP19C00E101R1P101) 

Api: 22 

Cpu: arm64-v8a 

Resolution: 
-------------------------------[ability]-------------------------------


----------------------------------RenderService----------------------------------
-- ScreenInfo
screen[0]: id=0, powerStatus=POWER_STATUS_ON, backlight=12722, screenType=EXTERNAL_TYPE, render resolution=466x466, physical resolution=466x466, isVirtual=false, skipFrameInterval=1, expectedRefreshRate=-1, skipFrameStrategy=0
supportedMode[0]: 466x466, refreshRate=60
supportedMode[1]: 466x466, refreshRate=30
activeMode: 466x466, refreshRate=60
name=, phyWidth=38, phyHeight=38, supportLayers=12, virtualDispCount=0, propertyCount=0, type=DISP_INTF_HDMI, supportWriteBack=false
isSamplingOn=0, samplingScale=1.00, samplingTranslateX=0.00, samplingTranslateY=0.00
enableVisibleRect=0, mainScreenVisibleRect_=[0,0,0,0]

Battery: 
-------------------------------[ability]-------------------------------


----------------------------------BatteryService----------------------------------
Current time: 2026-03-22 23:29:38.075
capacity: 97 
batteryLevel: 2 
chargingStatus: 0 
healthState: 0 
pluggedType: 0 
voltage: 4420000 
present: 1 
technology: Unknown 
nowCurrent: -100 
currentAverage: 470 
totalEnergy: 825 
remainingEnergy: 800 
remainingChargeTime: 0 
temperature: 328 
chargeType: 4 

Storage: Filesystem                  Size  Used Avail Use% Mounted on
/dev/block/by-name/userdata  14G  3.9G   10G  30% /data


=== 2026/3/22 23:29:49 ===
Name: HUAWEI WATCH 5 

Model: RTS-AL00 

SysVer: RTS-AL00CN 6.0.0.120(SP19C00E101R1P101) 

Api: 22 

Cpu: arm64-v8a 

Resolution: 
-------------------------------[ability]-------------------------------


----------------------------------RenderService----------------------------------
-- ScreenInfo
screen[0]: id=0, powerStatus=POWER_STATUS_ON, backlight=12722, screenType=EXTERNAL_TYPE, render resolution=466x466, physical resolution=466x466, isVirtual=false, skipFrameInterval=1, expectedRefreshRate=-1, skipFrameStrategy=0
supportedMode[0]: 466x466, refreshRate=60
supportedMode[1]: 466x466, refreshRate=30
activeMode: 466x466, refreshRate=60
name=, phyWidth=38, phyHeight=38, supportLayers=12, virtualDispCount=0, propertyCount=0, type=DISP_INTF_HDMI, supportWriteBack=false
isSamplingOn=0, samplingScale=1.00, samplingTranslateX=0.00, samplingTranslateY=0.00
enableVisibleRect=0, mainScreenVisibleRect_=[0,0,0,0]

Battery: 
-------------------------------[ability]-------------------------------


----------------------------------BatteryService----------------------------------
Current time: 2026-03-22 23:29:49.918
capacity: 97 
batteryLevel: 2 
chargingStatus: 0 
healthState: 0 
pluggedType: 0 
voltage: 4422000 
present: 1 
technology: Unknown 
nowCurrent: -28 
currentAverage: 470 
totalEnergy: 825 
remainingEnergy: 800 
remainingChargeTime: 0 
temperature: 328 
chargeType: 4 

Storage: Filesystem                  Size  Used Avail Use% Mounted on
/dev/block/by-name/userdata  14G  3.9G   10G  30% /data


=== 2026/3/22 23:31:18 ===
Name: HUAWEI WATCH 5 

Model: RTS-AL00 

SysVer: RTS-AL00CN 6.0.0.120(SP19C00E101R1P101) 

Api: 22 

Cpu: arm64-v8a 

Resolution: 
-------------------------------[ability]-------------------------------


----------------------------------RenderService----------------------------------
-- ScreenInfo
screen[0]: id=0, powerStatus=POWER_STATUS_ON, backlight=12722, screenType=EXTERNAL_TYPE, render resolution=466x466, physical resolution=466x466, isVirtual=false, skipFrameInterval=1, expectedRefreshRate=-1, skipFrameStrategy=0
supportedMode[0]: 466x466, refreshRate=60
supportedMode[1]: 466x466, refreshRate=30
activeMode: 466x466, refreshRate=60
name=, phyWidth=38, phyHeight=38, supportLayers=12, virtualDispCount=0, propertyCount=0, type=DISP_INTF_HDMI, supportWriteBack=false
isSamplingOn=0, samplingScale=1.00, samplingTranslateX=0.00, samplingTranslateY=0.00
enableVisibleRect=0, mainScreenVisibleRect_=[0,0,0,0]

Battery: 
-------------------------------[ability]-------------------------------


----------------------------------BatteryService----------------------------------
Current time: 2026-03-22 23:31:18.456
capacity: 96 
batteryLevel: 2 
chargingStatus: 0 
healthState: 0 
pluggedType: 0 
voltage: 4423000 
present: 1 
technology: Unknown 
nowCurrent: -27 
currentAverage: 470 
totalEnergy: 825 
remainingEnergy: 792 
remainingChargeTime: 0 
temperature: 327 
chargeType: 4 

Storage: Filesystem                  Size  Used Avail Use% Mounted on
/dev/block/by-name/userdata  14G  3.9G   10G  30% /data


=== 2026/3/22 23:45:01 ===
Name: HUAWEI WATCH 5 

Model: RTS-AL00 

SysVer: RTS-AL00CN 6.0.0.120(SP19C00E101R1P101) 

Api: 22 

Cpu: arm64-v8a 

Resolution: 
-------------------------------[ability]-------------------------------


----------------------------------RenderService----------------------------------
-- ScreenInfo
screen[0]: id=0, powerStatus=POWER_STATUS_ON, backlight=15549, screenType=EXTERNAL_TYPE, render resolution=466x466, physical resolution=466x466, isVirtual=false, skipFrameInterval=1, expectedRefreshRate=-1, skipFrameStrategy=0
supportedMode[0]: 466x466, refreshRate=60
supportedMode[1]: 466x466, refreshRate=30
activeMode: 466x466, refreshRate=60
name=, phyWidth=38, phyHeight=38, supportLayers=12, virtualDispCount=0, propertyCount=0, type=DISP_INTF_HDMI, supportWriteBack=false
isSamplingOn=0, samplingScale=1.00, samplingTranslateX=0.00, samplingTranslateY=0.00
enableVisibleRect=0, mainScreenVisibleRect_=[0,0,0,0]

Battery: 
-------------------------------[ability]-------------------------------


----------------------------------BatteryService----------------------------------
Current time: 2026-03-22 23:45:01.512
capacity: 96 
batteryLevel: 2 
chargingStatus: 0 
healthState: 0 
pluggedType: 0 
voltage: 4427000 
present: 1 
technology: Unknown 
nowCurrent: -97 
currentAverage: 470 
totalEnergy: 825 
remainingEnergy: 792 
remainingChargeTime: 0 
temperature: 316 
chargeType: 4 

Storage: Filesystem                  Size  Used Avail Use% Mounted on
/dev/block/by-name/userdata  14G  3.9G   10G  30% /data


=== 2026/3/23 0:17:36 ===
Name: HUAWEI WATCH 5 

Model: RTS-AL00 

SysVer: RTS-AL00CN 6.0.0.120(SP19C00E101R1P101) 

Api: 22 

Cpu: arm64-v8a 

Resolution: 
-------------------------------[ability]-------------------------------


----------------------------------RenderService----------------------------------
-- ScreenInfo
screen[0]: id=0, powerStatus=POWER_STATUS_ON, backlight=16448, screenType=EXTERNAL_TYPE, render resolution=466x466, physical resolution=466x466, isVirtual=false, skipFrameInterval=1, expectedRefreshRate=-1, skipFrameStrategy=0
supportedMode[0]: 466x466, refreshRate=60
supportedMode[1]: 466x466, refreshRate=30
activeMode: 466x466, refreshRate=60
name=, phyWidth=38, phyHeight=38, supportLayers=12, virtualDispCount=0, propertyCount=0, type=DISP_INTF_HDMI, supportWriteBack=false
isSamplingOn=0, samplingScale=1.00, samplingTranslateX=0.00, samplingTranslateY=0.00
enableVisibleRect=0, mainScreenVisibleRect_=[0,0,0,0]

Battery: 
-------------------------------[ability]-------------------------------


----------------------------------BatteryService----------------------------------
Current time: 2026-03-23 00:17:36.119
capacity: 95 
batteryLevel: 2 
chargingStatus: 0 
healthState: 0 
pluggedType: 0 
voltage: 4417000 
present: 1 
technology: Unknown 
nowCurrent: -1 
currentAverage: 470 
totalEnergy: 825 
remainingEnergy: 783 
remainingChargeTime: 0 
temperature: 308 
chargeType: 4 

Storage: Filesystem                  Size  Used Avail Use% Mounted on
/dev/block/by-name/userdata  14G  3.9G   10G  30% /data


=== 2026/3/23 0:18:16 ===
Name: HUAWEI WATCH 5 

Model: RTS-AL00 

SysVer: RTS-AL00CN 6.0.0.120(SP19C00E101R1P101) 

Api: 22 

Cpu: arm64-v8a 

Resolution: 
-------------------------------[ability]-------------------------------


----------------------------------RenderService----------------------------------
-- ScreenInfo
screen[0]: id=0, powerStatus=POWER_STATUS_ON, backlight=17091, screenType=EXTERNAL_TYPE, render resolution=466x466, physical resolution=466x466, isVirtual=false, skipFrameInterval=1, expectedRefreshRate=-1, skipFrameStrategy=0
supportedMode[0]: 466x466, refreshRate=60
supportedMode[1]: 466x466, refreshRate=30
activeMode: 466x466, refreshRate=60
name=, phyWidth=38, phyHeight=38, supportLayers=12, virtualDispCount=0, propertyCount=0, type=DISP_INTF_HDMI, supportWriteBack=false
isSamplingOn=0, samplingScale=1.00, samplingTranslateX=0.00, samplingTranslateY=0.00
enableVisibleRect=0, mainScreenVisibleRect_=[0,0,0,0]

Battery: 
-------------------------------[ability]-------------------------------


----------------------------------BatteryService----------------------------------
Current time: 2026-03-23 00:18:15.436
capacity: 95 
batteryLevel: 2 
chargingStatus: 0 
healthState: 0 
pluggedType: 0 
voltage: 4407000 
present: 1 
technology: Unknown 
nowCurrent: -1 
currentAverage: 470 
totalEnergy: 825 
remainingEnergy: 783 
remainingChargeTime: 0 
temperature: 311 
chargeType: 4 

Storage: Filesystem                  Size  Used Avail Use% Mounted on
/dev/block/by-name/userdata  14G  3.9G   10G  30% /data


=== 2026/3/23 0:21:34 ===
Name: HUAWEI WATCH 5 

Model: RTS-AL00 

SysVer: RTS-AL00CN 6.0.0.120(SP19C00E101R1P101) 

Api: 22 

Cpu: arm64-v8a 

Resolution: 
-------------------------------[ability]-------------------------------


----------------------------------RenderService----------------------------------
-- ScreenInfo
screen[0]: id=0, powerStatus=POWER_STATUS_ON, backlight=15806, screenType=EXTERNAL_TYPE, render resolution=466x466, physical resolution=466x466, isVirtual=false, skipFrameInterval=1, expectedRefreshRate=-1, skipFrameStrategy=0
supportedMode[0]: 466x466, refreshRate=60
supportedMode[1]: 466x466, refreshRate=30
activeMode: 466x466, refreshRate=60
name=, phyWidth=38, phyHeight=38, supportLayers=12, virtualDispCount=0, propertyCount=0, type=DISP_INTF_HDMI, supportWriteBack=false
isSamplingOn=0, samplingScale=1.00, samplingTranslateX=0.00, samplingTranslateY=0.00
enableVisibleRect=0, mainScreenVisibleRect_=[0,0,0,0]

Battery: 
-------------------------------[ability]-------------------------------


----------------------------------BatteryService----------------------------------
Current time: 2026-03-23 00:21:33.727
capacity: 95 
batteryLevel: 2 
chargingStatus: 0 
healthState: 0 
pluggedType: 0 
voltage: 4411000 
present: 1 
technology: Unknown 
nowCurrent: -26 
currentAverage: 470 
totalEnergy: 825 
remainingEnergy: 783 
remainingChargeTime: 0 
temperature: 317 
chargeType: 4 

Storage: Filesystem                  Size  Used Avail Use% Mounted on
/dev/block/by-name/userdata  14G  3.9G   10G  30% /data


=== 2026/3/23 19:51:14 ===
Name: HUAWEI WATCH 5 

Model: RTS-AL00 

SysVer: RTS-AL00CN 6.0.0.120(SP19C00E101R1P101) 

Api: 22 

Cpu: arm64-v8a 

Resolution: 
-------------------------------[ability]-------------------------------


----------------------------------RenderService----------------------------------
-- ScreenInfo
screen[0]: id=0, powerStatus=POWER_STATUS_ON, backlight=16320, screenType=EXTERNAL_TYPE, render resolution=466x466, physical resolution=466x466, isVirtual=false, skipFrameInterval=1, expectedRefreshRate=-1, skipFrameStrategy=0
supportedMode[0]: 466x466, refreshRate=60
supportedMode[1]: 466x466, refreshRate=30
activeMode: 466x466, refreshRate=60
name=, phyWidth=38, phyHeight=38, supportLayers=12, virtualDispCount=0, propertyCount=0, type=DISP_INTF_HDMI, supportWriteBack=false
isSamplingOn=0, samplingScale=1.00, samplingTranslateX=0.00, samplingTranslateY=0.00
enableVisibleRect=0, mainScreenVisibleRect_=[0,0,0,0]

Battery: 
-------------------------------[ability]-------------------------------


----------------------------------BatteryService----------------------------------
Current time: 2026-03-23 19:51:15.024
capacity: 76 
batteryLevel: 3 
chargingStatus: 0 
healthState: 0 
pluggedType: 0 
voltage: 4229000 
present: 1 
technology: Unknown 
nowCurrent: -9 
currentAverage: 470 
totalEnergy: 825 
remainingEnergy: 627 
remainingChargeTime: 0 
temperature: 305 
chargeType: 4 

Storage: Filesystem                  Size  Used Avail Use% Mounted on
/dev/block/by-name/userdata  14G  3.9G   10G  30% /data


=== 2026/3/23 19:59:21 ===
Name: 
Model: RTS-AL00 

SysVer: RTS-AL00CN 6.0.0.120(SP19C00E101R1P101) 

Api: 22 

Cpu: arm64-v8a 

Resolution: 
-------------------------------[ability]-------------------------------


----------------------------------RenderService----------------------------------
-- ScreenInfo
screen[0]: id=0, powerStatus=POWER_STATUS_ON, backlight=16320, screenType=EXTERNAL_TYPE, render resolution=466x466, physical resolution=466x466, isVirtual=false, skipFrameInterval=1, expectedRefreshRate=-1, skipFrameStrategy=0
supportedMode[0]: 466x466, refreshRate=60
supportedMode[1]: 466x466, refreshRate=30
activeMode: 466x466, refreshRate=60
name=, phyWidth=38, phyHeight=38, supportLayers=12, virtualDispCount=0, propertyCount=0, type=DISP_INTF_HDMI, supportWriteBack=false
isSamplingOn=0, samplingScale=1.00, samplingTranslateX=0.00, samplingTranslateY=0.00
enableVisibleRect=0, mainScreenVisibleRect_=[0,0,0,0]

Battery: 
-------------------------------[ability]-------------------------------


----------------------------------BatteryService----------------------------------
Current time: 2026-03-23 19:59:22.034
capacity: 76 
batteryLevel: 3 
chargingStatus: 0 
healthState: 0 
pluggedType: 0 
voltage: 4221000 
present: 1 
technology: Unknown 
nowCurrent: -32 
currentAverage: 470 
totalEnergy: 825 
remainingEnergy: 627 
remainingChargeTime: 0 
temperature: 314 
chargeType: 4 

Storage: Filesystem                  Size  Used Avail Use% Mounted on
/dev/block/by-name/userdata  14G  3.9G   10G  30% /data


=== 2026/3/23 20:00:13 ===
Name: 
Model: RTS-AL00 

SysVer: RTS-AL00CN 6.0.0.120(SP19C00E101R1P101) 

Api: 22 

Cpu: arm64-v8a 

Resolution: 
-------------------------------[ability]-------------------------------


----------------------------------RenderService----------------------------------
-- ScreenInfo
screen[0]: id=0, powerStatus=POWER_STATUS_ON, backlight=11951, screenType=EXTERNAL_TYPE, render resolution=466x466, physical resolution=466x466, isVirtual=false, skipFrameInterval=1, expectedRefreshRate=-1, skipFrameStrategy=0
supportedMode[0]: 466x466, refreshRate=60
supportedMode[1]: 466x466, refreshRate=30
activeMode: 466x466, refreshRate=60
name=, phyWidth=38, phyHeight=38, supportLayers=12, virtualDispCount=0, propertyCount=0, type=DISP_INTF_HDMI, supportWriteBack=false
isSamplingOn=0, samplingScale=1.00, samplingTranslateX=0.00, samplingTranslateY=0.00
enableVisibleRect=0, mainScreenVisibleRect_=[0,0,0,0]

Battery: 
-------------------------------[ability]-------------------------------


----------------------------------BatteryService----------------------------------
Current time: 2026-03-23 20:00:14.411
capacity: 76 
batteryLevel: 3 
chargingStatus: 0 
healthState: 0 
pluggedType: 0 
voltage: 4221000 
present: 1 
technology: Unknown 
nowCurrent: -27 
currentAverage: 470 
totalEnergy: 825 
remainingEnergy: 627 
remainingChargeTime: 0 
temperature: 315 
chargeType: 4 

Storage: Filesystem                  Size  Used Avail Use% Mounted on
/dev/block/by-name/userdata  14G  3.9G   10G  30% /data


=== 2026/3/23 20:11:38 ===
Name: 
Model: RTS-AL00 

SysVer: RTS-AL00CN 6.0.0.120(SP19C00E101R1P101) 

Api: 22 

Cpu: arm64-v8a 

Resolution: 
-------------------------------[ability]-------------------------------


----------------------------------RenderService----------------------------------
-- ScreenInfo
screen[0]: id=0, powerStatus=POWER_STATUS_ON, backlight=16448, screenType=EXTERNAL_TYPE, render resolution=466x466, physical resolution=466x466, isVirtual=false, skipFrameInterval=1, expectedRefreshRate=-1, skipFrameStrategy=0
supportedMode[0]: 466x466, refreshRate=60
supportedMode[1]: 466x466, refreshRate=30
activeMode: 466x466, refreshRate=60
name=, phyWidth=38, phyHeight=38, supportLayers=12, virtualDispCount=0, propertyCount=0, type=DISP_INTF_HDMI, supportWriteBack=false
isSamplingOn=0, samplingScale=1.00, samplingTranslateX=0.00, samplingTranslateY=0.00
enableVisibleRect=0, mainScreenVisibleRect_=[0,0,0,0]

Battery: 
-------------------------------[ability]-------------------------------


----------------------------------BatteryService----------------------------------
Current time: 2026-03-23 20:11:37.774
capacity: 75 
batteryLevel: 3 
chargingStatus: 0 
healthState: 0 
pluggedType: 0 
voltage: 4212000 
present: 1 
technology: Unknown 
nowCurrent: -23 
currentAverage: 470 
totalEnergy: 825 
remainingEnergy: 618 
remainingChargeTime: 0 
temperature: 315 
chargeType: 4 

Storage: Filesystem                  Size  Used Avail Use% Mounted on
/dev/block/by-name/userdata  14G  3.9G   10G  30% /data


=== 2026/3/23 20:16:07 ===
Name: HUAWEI WATCH 5
Model: RTS-AL00
SysVer: RTS-AL00CN 6.0.0.120(SP19C00E101R1P101)
Api: 22
Cpu: arm64-v8a
Resolution: 
-------------------------------[ability]-------------------------------


----------------------------------RenderService----------------------------------
-- ScreenInfo
screen[0]: id=0, powerStatus=POWER_STATUS_ON, backlight=12979, screenType=EXTERNAL_TYPE, render resolution=466x466, physical resolution=466x466, isVirtual=false, skipFrameInterval=1, expectedRefreshRate=-1, skipFrameStrategy=0
supportedMode[0]: 466x466, refreshRate=60
supportedMode[1]: 466x466, refreshRate=30
activeMode: 466x466, refreshRate=60
name=, phyWidth=38, phyHeight=38, supportLayers=12, virtualDispCount=0, propertyCount=0, type=DISP_INTF_HDMI, supportWriteBack=false
isSamplingOn=0, samplingScale=1.00, samplingTranslateX=0.00, samplingTranslateY=0.00
enableVisibleRect=0, mainScreenVisibleRect_=[0,0,0,0]

Battery: 
-------------------------------[ability]-------------------------------


----------------------------------BatteryService----------------------------------
Current time: 2026-03-23 20:16:06.506
capacity: 75 
batteryLevel: 3 
chargingStatus: 0 
healthState: 0 
pluggedType: 0 
voltage: 4208000 
present: 1 
technology: Unknown 
nowCurrent: -20 
currentAverage: 470 
totalEnergy: 825 
remainingEnergy: 618 
remainingChargeTime: 0 
temperature: 319 
chargeType: 4 

Storage: Filesystem                  Size  Used Avail Use% Mounted on
/dev/block/by-name/userdata  14G  3.9G   10G  30% /data


=== 2026/3/23 20:18:04 ===
Name: HUAWEI WATCH 5
Model: RTS-AL00
SysVer: RTS-AL00CN 6.0.0.120(SP19C00E101R1P101)
Api: 22
Cpu: arm64-v8a
Resolution: 
-------------------------------[ability]-------------------------------


----------------------------------RenderService----------------------------------
-- ScreenInfo
screen[0]: id=0, powerStatus=POWER_STATUS_ON, backlight=12979, screenType=EXTERNAL_TYPE, render resolution=466x466, physical resolution=466x466, isVirtual=false, skipFrameInterval=1, expectedRefreshRate=-1, skipFrameStrategy=0
supportedMode[0]: 466x466, refreshRate=60
supportedMode[1]: 466x466, refreshRate=30
activeMode: 466x466, refreshRate=60
name=, phyWidth=38, phyHeight=38, supportLayers=12, virtualDispCount=0, propertyCount=0, type=DISP_INTF_HDMI, supportWriteBack=false
isSamplingOn=0, samplingScale=1.00, samplingTranslateX=0.00, samplingTranslateY=0.00
enableVisibleRect=0, mainScreenVisibleRect_=[0,0,0,0]

Battery: 
-------------------------------[ability]-------------------------------


----------------------------------BatteryService----------------------------------
Current time: 2026-03-23 20:18:03.089
capacity: 74 
batteryLevel: 3 
chargingStatus: 0 
healthState: 0 
pluggedType: 0 
voltage: 4206000 
present: 1 
technology: Unknown 
nowCurrent: -26 
currentAverage: 470 
totalEnergy: 825 
remainingEnergy: 610 
remainingChargeTime: 0 
temperature: 320 
chargeType: 4 

Storage: Filesystem                  Size  Used Avail Use% Mounted on
/dev/block/by-name/userdata  14G  3.9G   10G  30% /data


=== 2026/3/23 20:23:28 ===
Name: HUAWEI WATCH 5
Model: RTS-AL00
SysVer: RTS-AL00CN 6.0.0.120(SP19C00E101R1P101)
Api: 22
Cpu: arm64-v8a
Resolution: 
-------------------------------[ability]-------------------------------


----------------------------------RenderService----------------------------------
-- ScreenInfo
screen[0]: id=0, powerStatus=POWER_STATUS_ON, backlight=17091, screenType=EXTERNAL_TYPE, render resolution=466x466, physical resolution=466x466, isVirtual=false, skipFrameInterval=1, expectedRefreshRate=-1, skipFrameStrategy=0
supportedMode[0]: 466x466, refreshRate=60
supportedMode[1]: 466x466, refreshRate=30
activeMode: 466x466, refreshRate=60
name=, phyWidth=38, phyHeight=38, supportLayers=12, virtualDispCount=0, propertyCount=0, type=DISP_INTF_HDMI, supportWriteBack=false
isSamplingOn=0, samplingScale=1.00, samplingTranslateX=0.00, samplingTranslateY=0.00
enableVisibleRect=0, mainScreenVisibleRect_=[0,0,0,0]

Battery: 
-------------------------------[ability]-------------------------------


----------------------------------BatteryService----------------------------------
Current time: 2026-03-23 20:23:27.428
capacity: 74 
batteryLevel: 3 
chargingStatus: 0 
healthState: 0 
pluggedType: 0 
voltage: 4198000 
present: 1 
technology: Unknown 
nowCurrent: -24 
currentAverage: 470 
totalEnergy: 825 
remainingEnergy: 610 
remainingChargeTime: 0 
temperature: 318 
chargeType: 4 

Storage: Filesystem                  Size  Used Avail Use% Mounted on
/dev/block/by-name/userdata  14G  3.9G   10G  30% /data


=== 2026/3/23 20:25:45 ===
Name: 未知
Model: RTS-AL00
SysVer: RTS-AL00CN 6.0.0.120(SP19C00E101R1P101)
Api: 22
Cpu: arm64-v8a
Resolution: 
-------------------------------[ability]-------------------------------


----------------------------------RenderService----------------------------------
-- ScreenInfo
screen[0]: id=0, powerStatus=POWER_STATUS_ON, backlight=12465, screenType=EXTERNAL_TYPE, render resolution=466x466, physical resolution=466x466, isVirtual=false, skipFrameInterval=1, expectedRefreshRate=-1, skipFrameStrategy=0
supportedMode[0]: 466x466, refreshRate=60
supportedMode[1]: 466x466, refreshRate=30
activeMode: 466x466, refreshRate=60
name=, phyWidth=38, phyHeight=38, supportLayers=12, virtualDispCount=0, propertyCount=0, type=DISP_INTF_HDMI, supportWriteBack=false
isSamplingOn=0, samplingScale=1.00, samplingTranslateX=0.00, samplingTranslateY=0.00
enableVisibleRect=0, mainScreenVisibleRect_=[0,0,0,0]

Battery: 
-------------------------------[ability]-------------------------------


----------------------------------BatteryService----------------------------------
Current time: 2026-03-23 20:25:44.694
capacity: 74 
batteryLevel: 3 
chargingStatus: 0 
healthState: 0 
pluggedType: 0 
voltage: 4196000 
present: 1 
technology: Unknown 
nowCurrent: -31 
currentAverage: 470 
totalEnergy: 825 
remainingEnergy: 610 
remainingChargeTime: 0 
temperature: 315 
chargeType: 4 

Storage: Filesystem                  Size  Used Avail Use% Mounted on
/dev/block/by-name/userdata  14G  3.9G   10G  30% /data


=== 2026/3/23 20:27:08 ===
Name: HUAWEI WATCH 5
Model: RTS-AL00
SysVer: RTS-AL00CN 6.0.0.120(SP19C00E101R1P101)
Api: 22
Cpu: arm64-v8a
Resolution: 
-------------------------------[ability]-------------------------------


----------------------------------RenderService----------------------------------
-- ScreenInfo
screen[0]: id=0, powerStatus=POWER_STATUS_ON, backlight=12465, screenType=EXTERNAL_TYPE, render resolution=466x466, physical resolution=466x466, isVirtual=false, skipFrameInterval=1, expectedRefreshRate=-1, skipFrameStrategy=0
supportedMode[0]: 466x466, refreshRate=60
supportedMode[1]: 466x466, refreshRate=30
activeMode: 466x466, refreshRate=60
name=, phyWidth=38, phyHeight=38, supportLayers=12, virtualDispCount=0, propertyCount=0, type=DISP_INTF_HDMI, supportWriteBack=false
isSamplingOn=0, samplingScale=1.00, samplingTranslateX=0.00, samplingTranslateY=0.00
enableVisibleRect=0, mainScreenVisibleRect_=[0,0,0,0]

Battery: 
-------------------------------[ability]-------------------------------


----------------------------------BatteryService----------------------------------
Current time: 2026-03-23 20:27:07.789
capacity: 74 
batteryLevel: 3 
chargingStatus: 0 
healthState: 0 
pluggedType: 0 
voltage: 4197000 
present: 1 
technology: Unknown 
nowCurrent: -64 
currentAverage: 470 
totalEnergy: 825 
remainingEnergy: 610 
remainingChargeTime: 0 
temperature: 315 
chargeType: 4 

Storage: Filesystem                  Size  Used Avail Use% Mounted on
/dev/block/by-name/userdata  14G  3.9G   10G  30% /data


=== 2026/3/23 20:28:02 ===
Name: HUAWEI WATCH 5
Model: RTS-AL00
SysVer: RTS-AL00CN 6.0.0.120(SP19C00E101R1P101)
Api: 22
Cpu: arm64-v8a
Resolution: 
-------------------------------[ability]-------------------------------


----------------------------------RenderService----------------------------------
-- ScreenInfo
screen[0]: id=0, powerStatus=POWER_STATUS_ON, backlight=12465, screenType=EXTERNAL_TYPE, render resolution=466x466, physical resolution=466x466, isVirtual=false, skipFrameInterval=1, expectedRefreshRate=-1, skipFrameStrategy=0
supportedMode[0]: 466x466, refreshRate=60
supportedMode[1]: 466x466, refreshRate=30
activeMode: 466x466, refreshRate=60
name=, phyWidth=38, phyHeight=38, supportLayers=12, virtualDispCount=0, propertyCount=0, type=DISP_INTF_HDMI, supportWriteBack=false
isSamplingOn=0, samplingScale=1.00, samplingTranslateX=0.00, samplingTranslateY=0.00
enableVisibleRect=0, mainScreenVisibleRect_=[0,0,0,0]

Battery: 
-------------------------------[ability]-------------------------------


----------------------------------BatteryService----------------------------------
Current time: 2026-03-23 20:28:01.299
capacity: 74 
batteryLevel: 3 
chargingStatus: 0 
healthState: 0 
pluggedType: 0 
voltage: 4196000 
present: 1 
technology: Unknown 
nowCurrent: -34 
currentAverage: 470 
totalEnergy: 825 
remainingEnergy: 610 
remainingChargeTime: 0 
temperature: 315 
chargeType: 4 

Storage: Filesystem                  Size  Used Avail Use% Mounted on
/dev/block/by-name/userdata  14G  3.9G   10G  30% /data


=== 2026/3/23 20:28:23 ===
Name: HUAWEI WATCH 5
Model: RTS-AL00
SysVer: RTS-AL00CN 6.0.0.120(SP19C00E101R1P101)
Api: 22
Cpu: arm64-v8a
Resolution: 
-------------------------------[ability]-------------------------------


----------------------------------RenderService----------------------------------
-- ScreenInfo
screen[0]: id=0, powerStatus=POWER_STATUS_ON, backlight=12465, screenType=EXTERNAL_TYPE, render resolution=466x466, physical resolution=466x466, isVirtual=false, skipFrameInterval=1, expectedRefreshRate=-1, skipFrameStrategy=0
supportedMode[0]: 466x466, refreshRate=60
supportedMode[1]: 466x466, refreshRate=30
activeMode: 466x466, refreshRate=60
name=, phyWidth=38, phyHeight=38, supportLayers=12, virtualDispCount=0, propertyCount=0, type=DISP_INTF_HDMI, supportWriteBack=false
isSamplingOn=0, samplingScale=1.00, samplingTranslateX=0.00, samplingTranslateY=0.00
enableVisibleRect=0, mainScreenVisibleRect_=[0,0,0,0]

Battery: 
-------------------------------[ability]-------------------------------


----------------------------------BatteryService----------------------------------
Current time: 2026-03-23 20:28:22.698
capacity: 74 
batteryLevel: 3 
chargingStatus: 0 
healthState: 0 
pluggedType: 0 
voltage: 4196000 
present: 1 
technology: Unknown 
nowCurrent: -22 
currentAverage: 470 
totalEnergy: 825 
remainingEnergy: 610 
remainingChargeTime: 0 
temperature: 315 
chargeType: 4 

Storage: Filesystem                  Size  Used Avail Use% Mounted on
/dev/block/by-name/userdata  14G  3.9G   10G  30% /data


=== 2026/3/23 21:32:49 ===
Name: The device unauthorized.
This server's public key is not set.
Please check for a confirmation dialog on your device.
Otherwise try 'hdc kill' if that seems wrong.
Model: The device unauthorized.
This server's public key is not set.
Please check for a confirmation dialog on your device.
Otherwise try 'hdc kill' if that seems wrong.
SysVer: The device unauthorized.
This server's public key is not set.
Please check for a confirmation dialog on your device.
Otherwise try 'hdc kill' if that seems wrong.
Api: The device unauthorized.
This server's public key is not set.
Please check for a confirmation dialog on your device.
Otherwise try 'hdc kill' if that seems wrong.
Cpu: The device unauthorized.
This server's public key is not set.
Please check for a confirmation dialog on your device.
Otherwise try 'hdc kill' if that seems wrong.
Resolution: [Fail][E000002]:The device unauthorized.
This server's public key is not set.
Please check for a confirmation dialog on your device.
Otherwise try 'hdc kill' if that seems wrong.

Battery: [Fail][E000002]:The device unauthorized.
This server's public key is not set.
Please check for a confirmation dialog on your device.
Otherwise try 'hdc kill' if that seems wrong.

Storage: [Fail][E000002]:The device unauthorized.
This server's public key is not set.
Please check for a confirmation dialog on your device.
Otherwise try 'hdc kill' if that seems wrong.


=== 2026/3/23 21:33:20 ===
Name: HUAWEI WATCH 5
Model: RTS-AL00
SysVer: RTS-AL00CN 6.0.0.120(SP19C00E101R1P101)
Api: 22
Cpu: arm64-v8a
Resolution: 
-------------------------------[ability]-------------------------------


----------------------------------RenderService----------------------------------
-- ScreenInfo
screen[0]: id=0, powerStatus=POWER_STATUS_ON, backlight=15677, screenType=EXTERNAL_TYPE, render resolution=466x466, physical resolution=466x466, isVirtual=false, skipFrameInterval=1, expectedRefreshRate=-1, skipFrameStrategy=0
supportedMode[0]: 466x466, refreshRate=60
supportedMode[1]: 466x466, refreshRate=30
activeMode: 466x466, refreshRate=60
name=, phyWidth=38, phyHeight=38, supportLayers=12, virtualDispCount=0, propertyCount=0, type=DISP_INTF_HDMI, supportWriteBack=false
isSamplingOn=0, samplingScale=1.00, samplingTranslateX=0.00, samplingTranslateY=0.00
enableVisibleRect=0, mainScreenVisibleRect_=[0,0,0,0]

Battery: 
-------------------------------[ability]-------------------------------


----------------------------------BatteryService----------------------------------
Current time: 2026-03-23 21:33:20.398
capacity: 71 
batteryLevel: 3 
chargingStatus: 0 
healthState: 0 
pluggedType: 0 
voltage: 4163000 
present: 1 
technology: Unknown 
nowCurrent: -3 
currentAverage: 470 
totalEnergy: 824 
remainingEnergy: 585 
remainingChargeTime: 0 
temperature: 294 
chargeType: 4 

Storage: Filesystem                  Size  Used Avail Use% Mounted on
/dev/block/by-name/userdata  14G  3.9G   10G  30% /data


=== 2026/3/23 21:33:41 ===
Name: HUAWEI WATCH 5
Model: RTS-AL00
SysVer: RTS-AL00CN 6.0.0.120(SP19C00E101R1P101)
Api: 22
Cpu: arm64-v8a
Resolution: 
-------------------------------[ability]-------------------------------


----------------------------------RenderService----------------------------------
-- ScreenInfo
screen[0]: id=0, powerStatus=POWER_STATUS_ON, backlight=15677, screenType=EXTERNAL_TYPE, render resolution=466x466, physical resolution=466x466, isVirtual=false, skipFrameInterval=1, expectedRefreshRate=-1, skipFrameStrategy=0
supportedMode[0]: 466x466, refreshRate=60
supportedMode[1]: 466x466, refreshRate=30
activeMode: 466x466, refreshRate=60
name=, phyWidth=38, phyHeight=38, supportLayers=12, virtualDispCount=0, propertyCount=0, type=DISP_INTF_HDMI, supportWriteBack=false
isSamplingOn=0, samplingScale=1.00, samplingTranslateX=0.00, samplingTranslateY=0.00
enableVisibleRect=0, mainScreenVisibleRect_=[0,0,0,0]

Battery: 
-------------------------------[ability]-------------------------------


----------------------------------BatteryService----------------------------------
Current time: 2026-03-23 21:33:41.323
capacity: 71 
batteryLevel: 3 
chargingStatus: 0 
healthState: 0 
pluggedType: 0 
voltage: 4163000 
present: 1 
technology: Unknown 
nowCurrent: -39 
currentAverage: 470 
totalEnergy: 824 
remainingEnergy: 585 
remainingChargeTime: 0 
temperature: 295 
chargeType: 4 

Storage: Filesystem                  Size  Used Avail Use% Mounted on
/dev/block/by-name/userdata  14G  3.9G   10G  30% /data


=== 2026/3/23 21:34:02 ===
Name: HUAWEI WATCH 5
Model: RTS-AL00
SysVer: RTS-AL00CN 6.0.0.120(SP19C00E101R1P101)
Api: 22
Cpu: arm64-v8a
Resolution: 
-------------------------------[ability]-------------------------------


----------------------------------RenderService----------------------------------
-- ScreenInfo
screen[0]: id=0, powerStatus=POWER_STATUS_ON, backlight=15677, screenType=EXTERNAL_TYPE, render resolution=466x466, physical resolution=466x466, isVirtual=false, skipFrameInterval=1, expectedRefreshRate=-1, skipFrameStrategy=0
supportedMode[0]: 466x466, refreshRate=60
supportedMode[1]: 466x466, refreshRate=30
activeMode: 466x466, refreshRate=60
name=, phyWidth=38, phyHeight=38, supportLayers=12, virtualDispCount=0, propertyCount=0, type=DISP_INTF_HDMI, supportWriteBack=false
isSamplingOn=0, samplingScale=1.00, samplingTranslateX=0.00, samplingTranslateY=0.00
enableVisibleRect=0, mainScreenVisibleRect_=[0,0,0,0]

Battery: 
-------------------------------[ability]-------------------------------


----------------------------------BatteryService----------------------------------
Current time: 2026-03-23 21:34:02.255
capacity: 71 
batteryLevel: 3 
chargingStatus: 0 
healthState: 0 
pluggedType: 0 
voltage: 4165000 
present: 1 
technology: Unknown 
nowCurrent: -31 
currentAverage: 470 
totalEnergy: 824 
remainingEnergy: 585 
remainingChargeTime: 0 
temperature: 296 
chargeType: 4 

Storage: Filesystem                  Size  Used Avail Use% Mounted on
/dev/block/by-name/userdata  14G  3.9G   10G  30% /data


=== 2026/3/23 21:38:48 ===
Name: 未知
Model: RTS-AL00
SysVer: RTS-AL00CN 6.0.0.120(SP19C00E101R1P101)
Api: 22
Cpu: arm64-v8a
Resolution: 
-------------------------------[ability]-------------------------------


----------------------------------RenderService----------------------------------
-- ScreenInfo
screen[0]: id=0, powerStatus=POWER_STATUS_ON, backlight=15677, screenType=EXTERNAL_TYPE, render resolution=466x466, physical resolution=466x466, isVirtual=false, skipFrameInterval=1, expectedRefreshRate=-1, skipFrameStrategy=0
supportedMode[0]: 466x466, refreshRate=60
supportedMode[1]: 466x466, refreshRate=30
activeMode: 466x466, refreshRate=60
name=, phyWidth=38, phyHeight=38, supportLayers=12, virtualDispCount=0, propertyCount=0, type=DISP_INTF_HDMI, supportWriteBack=false
isSamplingOn=0, samplingScale=1.00, samplingTranslateX=0.00, samplingTranslateY=0.00
enableVisibleRect=0, mainScreenVisibleRect_=[0,0,0,0]

Battery: 
-------------------------------[ability]-------------------------------


----------------------------------BatteryService----------------------------------
Current time: 2026-03-23 21:38:48.496
capacity: 71 
batteryLevel: 3 
chargingStatus: 0 
healthState: 0 
pluggedType: 0 
voltage: 4161000 
present: 1 
technology: Unknown 
nowCurrent: -27 
currentAverage: 470 
totalEnergy: 824 
remainingEnergy: 585 
remainingChargeTime: 0 
temperature: 302 
chargeType: 4 

Storage: Filesystem                  Size  Used Avail Use% Mounted on
/dev/block/by-name/userdata  14G  3.9G   10G  30% /data


=== 2026/3/23 21:41:30 ===
Name: HUAWEI WATCH 5
Model: RTS-AL00
SysVer: RTS-AL00CN 6.0.0.120(SP19C00E101R1P101)
Api: 22
Cpu: arm64-v8a
Resolution: 
-------------------------------[ability]-------------------------------


----------------------------------RenderService----------------------------------
-- ScreenInfo
screen[0]: id=0, powerStatus=POWER_STATUS_ON, backlight=15677, screenType=EXTERNAL_TYPE, render resolution=466x466, physical resolution=466x466, isVirtual=false, skipFrameInterval=1, expectedRefreshRate=-1, skipFrameStrategy=0
supportedMode[0]: 466x466, refreshRate=60
supportedMode[1]: 466x466, refreshRate=30
activeMode: 466x466, refreshRate=60
name=, phyWidth=38, phyHeight=38, supportLayers=12, virtualDispCount=0, propertyCount=0, type=DISP_INTF_HDMI, supportWriteBack=false
isSamplingOn=0, samplingScale=1.00, samplingTranslateX=0.00, samplingTranslateY=0.00
enableVisibleRect=0, mainScreenVisibleRect_=[0,0,0,0]

Battery: 
-------------------------------[ability]-------------------------------


----------------------------------BatteryService----------------------------------
Current time: 2026-03-23 21:41:30.223
capacity: 71 
batteryLevel: 3 
chargingStatus: 0 
healthState: 0 
pluggedType: 0 
voltage: 4157000 
present: 1 
technology: Unknown 
nowCurrent: -20 
currentAverage: 470 
totalEnergy: 824 
remainingEnergy: 585 
remainingChargeTime: 0 
temperature: 303 
chargeType: 4 

Storage: Filesystem                  Size  Used Avail Use% Mounted on
/dev/block/by-name/userdata  14G  3.9G   10G  30% /data


=== 2026/3/23 21:43:25 ===
Name: HUAWEI WATCH 5
Model: RTS-AL00
SysVer: RTS-AL00CN 6.0.0.120(SP19C00E101R1P101)
Api: 22
Cpu: arm64-v8a
Resolution: 
-------------------------------[ability]-------------------------------


----------------------------------RenderService----------------------------------
-- ScreenInfo
screen[0]: id=0, powerStatus=POWER_STATUS_ON, backlight=15677, screenType=EXTERNAL_TYPE, render resolution=466x466, physical resolution=466x466, isVirtual=false, skipFrameInterval=1, expectedRefreshRate=-1, skipFrameStrategy=0
supportedMode[0]: 466x466, refreshRate=60
supportedMode[1]: 466x466, refreshRate=30
activeMode: 466x466, refreshRate=60
name=, phyWidth=38, phyHeight=38, supportLayers=12, virtualDispCount=0, propertyCount=0, type=DISP_INTF_HDMI, supportWriteBack=false
isSamplingOn=0, samplingScale=1.00, samplingTranslateX=0.00, samplingTranslateY=0.00
enableVisibleRect=0, mainScreenVisibleRect_=[0,0,0,0]

Battery: 
-------------------------------[ability]-------------------------------


----------------------------------BatteryService----------------------------------
Current time: 2026-03-23 21:43:24.368
capacity: 71 
batteryLevel: 3 
chargingStatus: 0 
healthState: 0 
pluggedType: 0 
voltage: 4156000 
present: 1 
technology: Unknown 
nowCurrent: -58 
currentAverage: 470 
totalEnergy: 824 
remainingEnergy: 585 
remainingChargeTime: 0 
temperature: 303 
chargeType: 4 

Storage: Filesystem                  Size  Used Avail Use% Mounted on
/dev/block/by-name/userdata  14G  3.9G   10G  30% /data


=== 2026/3/23 21:43:40 ===
Name: HUAWEI WATCH 5
Model: RTS-AL00
SysVer: RTS-AL00CN 6.0.0.120(SP19C00E101R1P101)
Api: 22
Cpu: arm64-v8a
Resolution: 
-------------------------------[ability]-------------------------------


----------------------------------RenderService----------------------------------
-- ScreenInfo
screen[0]: id=0, powerStatus=POWER_STATUS_ON, backlight=15677, screenType=EXTERNAL_TYPE, render resolution=466x466, physical resolution=466x466, isVirtual=false, skipFrameInterval=1, expectedRefreshRate=-1, skipFrameStrategy=0
supportedMode[0]: 466x466, refreshRate=60
supportedMode[1]: 466x466, refreshRate=30
activeMode: 466x466, refreshRate=60
name=, phyWidth=38, phyHeight=38, supportLayers=12, virtualDispCount=0, propertyCount=0, type=DISP_INTF_HDMI, supportWriteBack=false
isSamplingOn=0, samplingScale=1.00, samplingTranslateX=0.00, samplingTranslateY=0.00
enableVisibleRect=0, mainScreenVisibleRect_=[0,0,0,0]

Battery: 
-------------------------------[ability]-------------------------------


----------------------------------BatteryService----------------------------------
Current time: 2026-03-23 21:43:40.172
capacity: 71 
batteryLevel: 3 
chargingStatus: 0 
healthState: 0 
pluggedType: 0 
voltage: 4155000 
present: 1 
technology: Unknown 
nowCurrent: -21 
currentAverage: 470 
totalEnergy: 824 
remainingEnergy: 585 
remainingChargeTime: 0 
temperature: 303 
chargeType: 4 

Storage: Filesystem                  Size  Used Avail Use% Mounted on
/dev/block/by-name/userdata  14G  3.9G   10G  30% /data


=== 2026/3/23 21:47:13 ===
Name: HUAWEI WATCH 5
Model: RTS-AL00
SysVer: RTS-AL00CN 6.0.0.120(SP19C00E101R1P101)
Api: 22
Cpu: arm64-v8a
Resolution: 
-------------------------------[ability]-------------------------------


----------------------------------RenderService----------------------------------
-- ScreenInfo
screen[0]: id=0, powerStatus=POWER_STATUS_ON, backlight=15677, screenType=EXTERNAL_TYPE, render resolution=466x466, physical resolution=466x466, isVirtual=false, skipFrameInterval=1, expectedRefreshRate=-1, skipFrameStrategy=0
supportedMode[0]: 466x466, refreshRate=60
supportedMode[1]: 466x466, refreshRate=30
activeMode: 466x466, refreshRate=60
name=, phyWidth=38, phyHeight=38, supportLayers=12, virtualDispCount=0, propertyCount=0, type=DISP_INTF_HDMI, supportWriteBack=false
isSamplingOn=0, samplingScale=1.00, samplingTranslateX=0.00, samplingTranslateY=0.00
enableVisibleRect=0, mainScreenVisibleRect_=[0,0,0,0]

Battery: 
-------------------------------[ability]-------------------------------


----------------------------------BatteryService----------------------------------
Current time: 2026-03-23 21:47:13.031
capacity: 70 
batteryLevel: 3 
chargingStatus: 0 
healthState: 0 
pluggedType: 0 
voltage: 4151000 
present: 1 
technology: Unknown 
nowCurrent: -24 
currentAverage: 470 
totalEnergy: 825 
remainingEnergy: 577 
remainingChargeTime: 0 
temperature: 303 
chargeType: 4 

Storage: Filesystem                  Size  Used Avail Use% Mounted on
/dev/block/by-name/userdata  14G  3.9G   10G  30% /data


=== 2026/3/23 21:48:47 ===
Name: HUAWEI WATCH 5
Model: RTS-AL00
SysVer: RTS-AL00CN 6.0.0.120(SP19C00E101R1P101)
Api: 22
Cpu: arm64-v8a
Resolution: 
-------------------------------[ability]-------------------------------


----------------------------------RenderService----------------------------------
-- ScreenInfo
screen[0]: id=0, powerStatus=POWER_STATUS_ON, backlight=15677, screenType=EXTERNAL_TYPE, render resolution=466x466, physical resolution=466x466, isVirtual=false, skipFrameInterval=1, expectedRefreshRate=-1, skipFrameStrategy=0
supportedMode[0]: 466x466, refreshRate=60
supportedMode[1]: 466x466, refreshRate=30
activeMode: 466x466, refreshRate=60
name=, phyWidth=38, phyHeight=38, supportLayers=12, virtualDispCount=0, propertyCount=0, type=DISP_INTF_HDMI, supportWriteBack=false
isSamplingOn=0, samplingScale=1.00, samplingTranslateX=0.00, samplingTranslateY=0.00
enableVisibleRect=0, mainScreenVisibleRect_=[0,0,0,0]

Battery: 
-------------------------------[ability]-------------------------------


----------------------------------BatteryService----------------------------------
Current time: 2026-03-23 21:48:46.259
capacity: 70 
batteryLevel: 3 
chargingStatus: 0 
healthState: 0 
pluggedType: 0 
voltage: 4144000 
present: 1 
technology: Unknown 
nowCurrent: -21 
currentAverage: 470 
totalEnergy: 825 
remainingEnergy: 577 
remainingChargeTime: 0 
temperature: 303 
chargeType: 4 

Storage: Filesystem                  Size  Used Avail Use% Mounted on
/dev/block/by-name/userdata  14G  3.9G   10G  30% /data


=== 2026/3/23 21:49:15 ===
Name: HUAWEI WATCH 5
Model: RTS-AL00
SysVer: RTS-AL00CN 6.0.0.120(SP19C00E101R1P101)
Api: 22
Cpu: arm64-v8a
Resolution: 
-------------------------------[ability]-------------------------------


----------------------------------RenderService----------------------------------
-- ScreenInfo
screen[0]: id=0, powerStatus=POWER_STATUS_ON, backlight=15677, screenType=EXTERNAL_TYPE, render resolution=466x466, physical resolution=466x466, isVirtual=false, skipFrameInterval=1, expectedRefreshRate=-1, skipFrameStrategy=0
supportedMode[0]: 466x466, refreshRate=60
supportedMode[1]: 466x466, refreshRate=30
activeMode: 466x466, refreshRate=60
name=, phyWidth=38, phyHeight=38, supportLayers=12, virtualDispCount=0, propertyCount=0, type=DISP_INTF_HDMI, supportWriteBack=false
isSamplingOn=0, samplingScale=1.00, samplingTranslateX=0.00, samplingTranslateY=0.00
enableVisibleRect=0, mainScreenVisibleRect_=[0,0,0,0]

Battery: 
-------------------------------[ability]-------------------------------


----------------------------------BatteryService----------------------------------
Current time: 2026-03-23 21:49:14.148
capacity: 70 
batteryLevel: 3 
chargingStatus: 0 
healthState: 0 
pluggedType: 0 
voltage: 4149000 
present: 1 
technology: Unknown 
nowCurrent: -29 
currentAverage: 470 
totalEnergy: 825 
remainingEnergy: 577 
remainingChargeTime: 0 
temperature: 304 
chargeType: 4 

Storage: Filesystem                  Size  Used Avail Use% Mounted on
/dev/block/by-name/userdata  14G  3.9G   10G  30% /data


=== 2026/3/23 21:52:46 ===
Name: HUAWEI WATCH 5
Model: RTS-AL00
SysVer: RTS-AL00CN 6.0.0.120(SP19C00E101R1P101)
Api: 22
Cpu: arm64-v8a
Resolution: 
-------------------------------[ability]-------------------------------


----------------------------------RenderService----------------------------------
-- ScreenInfo
screen[0]: id=0, powerStatus=POWER_STATUS_ON, backlight=17348, screenType=EXTERNAL_TYPE, render resolution=466x466, physical resolution=466x466, isVirtual=false, skipFrameInterval=1, expectedRefreshRate=-1, skipFrameStrategy=0
supportedMode[0]: 466x466, refreshRate=60
supportedMode[1]: 466x466, refreshRate=30
activeMode: 466x466, refreshRate=60
name=, phyWidth=38, phyHeight=38, supportLayers=12, virtualDispCount=0, propertyCount=0, type=DISP_INTF_HDMI, supportWriteBack=false
isSamplingOn=0, samplingScale=1.00, samplingTranslateX=0.00, samplingTranslateY=0.00
enableVisibleRect=0, mainScreenVisibleRect_=[0,0,0,0]

Battery: 
-------------------------------[ability]-------------------------------


----------------------------------BatteryService----------------------------------
Current time: 2026-03-23 21:52:44.254
capacity: 70 
batteryLevel: 3 
chargingStatus: 0 
healthState: 0 
pluggedType: 0 
voltage: 4147000 
present: 1 
technology: Unknown 
nowCurrent: -31 
currentAverage: 470 
totalEnergy: 825 
remainingEnergy: 577 
remainingChargeTime: 0 
temperature: 302 
chargeType: 4 

Storage: Filesystem                  Size  Used Avail Use% Mounted on
/dev/block/by-name/userdata  14G  3.9G   10G  30% /data


=== 2026/3/24 0:28:32 ===
Name: HUAWEI WATCH 5
Model: RTS-AL00
SysVer: RTS-AL00CN 6.0.0.120(SP19C00E101R1P101)
Api: 22
Cpu: arm64-v8a
Resolution: 
-------------------------------[ability]-------------------------------


----------------------------------RenderService----------------------------------
-- ScreenInfo
screen[0]: id=0, powerStatus=POWER_STATUS_ON, backlight=15677, screenType=EXTERNAL_TYPE, render resolution=466x466, physical resolution=466x466, isVirtual=false, skipFrameInterval=1, expectedRefreshRate=-1, skipFrameStrategy=0
supportedMode[0]: 466x466, refreshRate=60
supportedMode[1]: 466x466, refreshRate=30
activeMode: 466x466, refreshRate=60
name=, phyWidth=38, phyHeight=38, supportLayers=12, virtualDispCount=0, propertyCount=0, type=DISP_INTF_HDMI, supportWriteBack=false
isSamplingOn=0, samplingScale=1.00, samplingTranslateX=0.00, samplingTranslateY=0.00
enableVisibleRect=0, mainScreenVisibleRect_=[0,0,0,0]

Battery: 
-------------------------------[ability]-------------------------------


----------------------------------BatteryService----------------------------------
Current time: 2026-03-24 00:28:30.960
capacity: 100 
batteryLevel: 1 
chargingStatus: 0 
healthState: 0 
pluggedType: 0 
voltage: 4456000 
present: 1 
technology: Unknown 
nowCurrent: -8 
currentAverage: 470 
totalEnergy: 822 
remainingEnergy: 822 
remainingChargeTime: 0 
temperature: 271 
chargeType: 4 

Storage: Filesystem                  Size  Used Avail Use% Mounted on
/dev/block/by-name/userdata  14G  3.9G   10G  30% /data


=== 2026/3/24 10:14:56 ===
Name: 未知
Model: RTS-AL00
SysVer: RTS-AL00CN 6.0.0.120(SP19C00E101R1P101)
Api: 22
Cpu: arm64-v8a
Resolution: 
-------------------------------[ability]-------------------------------


----------------------------------RenderService----------------------------------
-- ScreenInfo
screen[0]: id=0, powerStatus=POWER_STATUS_ON, backlight=14521, screenType=EXTERNAL_TYPE, render resolution=466x466, physical resolution=466x466, isVirtual=false, skipFrameInterval=1, expectedRefreshRate=-1, skipFrameStrategy=0
supportedMode[0]: 466x466, refreshRate=60
supportedMode[1]: 466x466, refreshRate=30
activeMode: 466x466, refreshRate=60
name=, phyWidth=38, phyHeight=38, supportLayers=12, virtualDispCount=0, propertyCount=0, type=DISP_INTF_HDMI, supportWriteBack=false
isSamplingOn=0, samplingScale=1.00, samplingTranslateX=0.00, samplingTranslateY=0.00
enableVisibleRect=0, mainScreenVisibleRect_=[0,0,0,0]

Battery: 
-------------------------------[ability]-------------------------------


----------------------------------BatteryService----------------------------------
Current time: 2026-03-24 10:14:55.109
capacity: 89 
batteryLevel: 3 
chargingStatus: 0 
healthState: 0 
pluggedType: 0 
voltage: 4364000 
present: 1 
technology: Unknown 
nowCurrent: -92 
currentAverage: 470 
totalEnergy: 824 
remainingEnergy: 733 
remainingChargeTime: 0 
temperature: 300 
chargeType: 4 

Storage: Filesystem                  Size  Used Avail Use% Mounted on
/dev/block/by-name/userdata  14G  3.9G   10G  30% /data


=== 2026/3/24 10:15:33 ===
Name: HUAWEI WATCH 5
Model: RTS-AL00
SysVer: RTS-AL00CN 6.0.0.120(SP19C00E101R1P101)
Api: 22
Cpu: arm64-v8a
Resolution: 
-------------------------------[ability]-------------------------------


----------------------------------RenderService----------------------------------
-- ScreenInfo
screen[0]: id=0, powerStatus=POWER_STATUS_ON, backlight=14521, screenType=EXTERNAL_TYPE, render resolution=466x466, physical resolution=466x466, isVirtual=false, skipFrameInterval=1, expectedRefreshRate=-1, skipFrameStrategy=0
supportedMode[0]: 466x466, refreshRate=60
supportedMode[1]: 466x466, refreshRate=30
activeMode: 466x466, refreshRate=60
name=, phyWidth=38, phyHeight=38, supportLayers=12, virtualDispCount=0, propertyCount=0, type=DISP_INTF_HDMI, supportWriteBack=false
isSamplingOn=0, samplingScale=1.00, samplingTranslateX=0.00, samplingTranslateY=0.00
enableVisibleRect=0, mainScreenVisibleRect_=[0,0,0,0]

Battery: 
-------------------------------[ability]-------------------------------


----------------------------------BatteryService----------------------------------
Current time: 2026-03-24 10:15:31.937
capacity: 89 
batteryLevel: 3 
chargingStatus: 0 
healthState: 0 
pluggedType: 0 
voltage: 4353000 
present: 1 
technology: Unknown 
nowCurrent: -26 
currentAverage: 470 
totalEnergy: 824 
remainingEnergy: 733 
remainingChargeTime: 0 
temperature: 306 
chargeType: 4 

Storage: Filesystem                  Size  Used Avail Use% Mounted on
/dev/block/by-name/userdata  14G  3.9G   10G  30% /data


=== 2026/3/24 10:22:38 ===
Name: HUAWEI WATCH 5
Model: RTS-AL00
SysVer: RTS-AL00CN 6.0.0.120(SP19C00E101R1P101)
Api: 22
Cpu: arm64-v8a
Resolution: 
-------------------------------[ability]-------------------------------


----------------------------------RenderService----------------------------------
-- ScreenInfo
screen[0]: id=0, powerStatus=POWER_STATUS_ON, backlight=14521, screenType=EXTERNAL_TYPE, render resolution=466x466, physical resolution=466x466, isVirtual=false, skipFrameInterval=1, expectedRefreshRate=-1, skipFrameStrategy=0
supportedMode[0]: 466x466, refreshRate=60
supportedMode[1]: 466x466, refreshRate=30
activeMode: 466x466, refreshRate=60
name=, phyWidth=38, phyHeight=38, supportLayers=12, virtualDispCount=0, propertyCount=0, type=DISP_INTF_HDMI, supportWriteBack=false
isSamplingOn=0, samplingScale=1.00, samplingTranslateX=0.00, samplingTranslateY=0.00
enableVisibleRect=0, mainScreenVisibleRect_=[0,0,0,0]

Battery: 
-------------------------------[ability]-------------------------------


----------------------------------BatteryService----------------------------------
Current time: 2026-03-24 10:22:37.658
capacity: 89 
batteryLevel: 3 
chargingStatus: 0 
healthState: 0 
pluggedType: 0 
voltage: 4353000 
present: 1 
technology: Unknown 
nowCurrent: -34 
currentAverage: 470 
totalEnergy: 824 
remainingEnergy: 733 
remainingChargeTime: 0 
temperature: 312 
chargeType: 4 

Storage: Filesystem                  Size  Used Avail Use% Mounted on
/dev/block/by-name/userdata  14G  3.9G   10G  30% /data


=== 2026/3/24 10:28:46 ===
Name: HUAWEI WATCH 5
Model: RTS-AL00
SysVer: RTS-AL00CN 6.0.0.120(SP19C00E101R1P101)
Api: 22
Cpu: arm64-v8a
Resolution: 
-------------------------------[ability]-------------------------------


----------------------------------RenderService----------------------------------
-- ScreenInfo
screen[0]: id=0, powerStatus=POWER_STATUS_ON, backlight=14521, screenType=EXTERNAL_TYPE, render resolution=466x466, physical resolution=466x466, isVirtual=false, skipFrameInterval=1, expectedRefreshRate=-1, skipFrameStrategy=0
supportedMode[0]: 466x466, refreshRate=60
supportedMode[1]: 466x466, refreshRate=30
activeMode: 466x466, refreshRate=60
name=, phyWidth=38, phyHeight=38, supportLayers=12, virtualDispCount=0, propertyCount=0, type=DISP_INTF_HDMI, supportWriteBack=false
isSamplingOn=0, samplingScale=1.00, samplingTranslateX=0.00, samplingTranslateY=0.00
enableVisibleRect=0, mainScreenVisibleRect_=[0,0,0,0]

Battery: 
-------------------------------[ability]-------------------------------


----------------------------------BatteryService----------------------------------
Current time: 2026-03-24 10:28:45.707
capacity: 88 
batteryLevel: 3 
chargingStatus: 0 
healthState: 0 
pluggedType: 0 
voltage: 4350000 
present: 1 
technology: Unknown 
nowCurrent: -22 
currentAverage: 470 
totalEnergy: 825 
remainingEnergy: 726 
remainingChargeTime: 0 
temperature: 317 
chargeType: 4 

Storage: Filesystem                  Size  Used Avail Use% Mounted on
/dev/block/by-name/userdata  14G  3.9G   10G  30% /data


=== 2026/3/24 10:30:54 ===
Name: HUAWEI WATCH 5
Model: RTS-AL00
SysVer: RTS-AL00CN 6.0.0.120(SP19C00E101R1P101)
Api: 22
Cpu: arm64-v8a
Resolution: 
-------------------------------[ability]-------------------------------


----------------------------------RenderService----------------------------------
-- ScreenInfo
screen[0]: id=0, powerStatus=POWER_STATUS_ON, backlight=14521, screenType=EXTERNAL_TYPE, render resolution=466x466, physical resolution=466x466, isVirtual=false, skipFrameInterval=1, expectedRefreshRate=-1, skipFrameStrategy=0
supportedMode[0]: 466x466, refreshRate=60
supportedMode[1]: 466x466, refreshRate=30
activeMode: 466x466, refreshRate=60
name=, phyWidth=38, phyHeight=38, supportLayers=12, virtualDispCount=0, propertyCount=0, type=DISP_INTF_HDMI, supportWriteBack=false
isSamplingOn=0, samplingScale=1.00, samplingTranslateX=0.00, samplingTranslateY=0.00
enableVisibleRect=0, mainScreenVisibleRect_=[0,0,0,0]

Battery: 
-------------------------------[ability]-------------------------------


----------------------------------BatteryService----------------------------------
Current time: 2026-03-24 10:30:53.321
capacity: 88 
batteryLevel: 3 
chargingStatus: 0 
healthState: 0 
pluggedType: 0 
voltage: 4348000 
present: 1 
technology: Unknown 
nowCurrent: -26 
currentAverage: 470 
totalEnergy: 825 
remainingEnergy: 726 
remainingChargeTime: 0 
temperature: 320 
chargeType: 4 

Storage: Filesystem                  Size  Used Avail Use% Mounted on
/dev/block/by-name/userdata  14G  3.9G   10G  30% /data


=== 2026/3/24 10:31:52 ===
Name: HUAWEI WATCH 5
Model: RTS-AL00
SysVer: RTS-AL00CN 6.0.0.120(SP19C00E101R1P101)
Api: 22
Cpu: arm64-v8a
Resolution: 
-------------------------------[ability]-------------------------------


----------------------------------RenderService----------------------------------
-- ScreenInfo
screen[0]: id=0, powerStatus=POWER_STATUS_ON, backlight=14521, screenType=EXTERNAL_TYPE, render resolution=466x466, physical resolution=466x466, isVirtual=false, skipFrameInterval=1, expectedRefreshRate=-1, skipFrameStrategy=0
supportedMode[0]: 466x466, refreshRate=60
supportedMode[1]: 466x466, refreshRate=30
activeMode: 466x466, refreshRate=60
name=, phyWidth=38, phyHeight=38, supportLayers=12, virtualDispCount=0, propertyCount=0, type=DISP_INTF_HDMI, supportWriteBack=false
isSamplingOn=0, samplingScale=1.00, samplingTranslateX=0.00, samplingTranslateY=0.00
enableVisibleRect=0, mainScreenVisibleRect_=[0,0,0,0]

Battery: 
-------------------------------[ability]-------------------------------


----------------------------------BatteryService----------------------------------
Current time: 2026-03-24 10:31:51.634
capacity: 88 
batteryLevel: 3 
chargingStatus: 0 
healthState: 0 
pluggedType: 0 
voltage: 4348000 
present: 1 
technology: Unknown 
nowCurrent: -23 
currentAverage: 470 
totalEnergy: 825 
remainingEnergy: 726 
remainingChargeTime: 0 
temperature: 321 
chargeType: 4 

Storage: Filesystem                  Size  Used Avail Use% Mounted on
/dev/block/by-name/userdata  14G  3.9G   10G  30% /data


=== 2026/3/24 10:32:23 ===
Name: HUAWEI WATCH 5
Model: RTS-AL00
SysVer: RTS-AL00CN 6.0.0.120(SP19C00E101R1P101)
Api: 22
Cpu: arm64-v8a
Resolution: 
-------------------------------[ability]-------------------------------


----------------------------------RenderService----------------------------------
-- ScreenInfo
screen[0]: id=0, powerStatus=POWER_STATUS_ON, backlight=14521, screenType=EXTERNAL_TYPE, render resolution=466x466, physical resolution=466x466, isVirtual=false, skipFrameInterval=1, expectedRefreshRate=-1, skipFrameStrategy=0
supportedMode[0]: 466x466, refreshRate=60
supportedMode[1]: 466x466, refreshRate=30
activeMode: 466x466, refreshRate=60
name=, phyWidth=38, phyHeight=38, supportLayers=12, virtualDispCount=0, propertyCount=0, type=DISP_INTF_HDMI, supportWriteBack=false
isSamplingOn=0, samplingScale=1.00, samplingTranslateX=0.00, samplingTranslateY=0.00
enableVisibleRect=0, mainScreenVisibleRect_=[0,0,0,0]

Battery: 
-------------------------------[ability]-------------------------------


----------------------------------BatteryService----------------------------------
Current time: 2026-03-24 10:32:23.134
capacity: 88 
batteryLevel: 3 
chargingStatus: 0 
healthState: 0 
pluggedType: 0 
voltage: 4343000 
present: 1 
technology: Unknown 
nowCurrent: -55 
currentAverage: 470 
totalEnergy: 825 
remainingEnergy: 726 
remainingChargeTime: 0 
temperature: 321 
chargeType: 4 

Storage: Filesystem                  Size  Used Avail Use% Mounted on
/dev/block/by-name/userdata  14G  3.9G   10G  30% /data


=== 2026/3/24 10:34:20 ===
Name: HUAWEI WATCH 5
Model: RTS-AL00
SysVer: RTS-AL00CN 6.0.0.120(SP19C00E101R1P101)
Api: 22
Cpu: arm64-v8a
Resolution: 
-------------------------------[ability]-------------------------------


----------------------------------RenderService----------------------------------
-- ScreenInfo
screen[0]: id=0, powerStatus=POWER_STATUS_ON, backlight=14521, screenType=EXTERNAL_TYPE, render resolution=466x466, physical resolution=466x466, isVirtual=false, skipFrameInterval=1, expectedRefreshRate=-1, skipFrameStrategy=0
supportedMode[0]: 466x466, refreshRate=60
supportedMode[1]: 466x466, refreshRate=30
activeMode: 466x466, refreshRate=60
name=, phyWidth=38, phyHeight=38, supportLayers=12, virtualDispCount=0, propertyCount=0, type=DISP_INTF_HDMI, supportWriteBack=false
isSamplingOn=0, samplingScale=1.00, samplingTranslateX=0.00, samplingTranslateY=0.00
enableVisibleRect=0, mainScreenVisibleRect_=[0,0,0,0]

Battery: 
-------------------------------[ability]-------------------------------


----------------------------------BatteryService----------------------------------
Current time: 2026-03-24 10:34:19.470
capacity: 88 
batteryLevel: 3 
chargingStatus: 0 
healthState: 0 
pluggedType: 0 
voltage: 4346000 
present: 1 
technology: Unknown 
nowCurrent: -25 
currentAverage: 470 
totalEnergy: 825 
remainingEnergy: 726 
remainingChargeTime: 0 
temperature: 322 
chargeType: 4 

Storage: Filesystem                  Size  Used Avail Use% Mounted on
/dev/block/by-name/userdata  14G  3.9G   10G  30% /data


=== 2026/3/24 10:44:57 ===
Name: HUAWEI WATCH 5
Model: RTS-AL00
SysVer: RTS-AL00CN 6.0.0.120(SP19C00E101R1P101)
Api: 22
Cpu: arm64-v8a
Resolution: 
-------------------------------[ability]-------------------------------


----------------------------------RenderService----------------------------------
-- ScreenInfo
screen[0]: id=0, powerStatus=POWER_STATUS_ON, backlight=15806, screenType=EXTERNAL_TYPE, render resolution=466x466, physical resolution=466x466, isVirtual=false, skipFrameInterval=1, expectedRefreshRate=-1, skipFrameStrategy=0
supportedMode[0]: 466x466, refreshRate=60
supportedMode[1]: 466x466, refreshRate=30
activeMode: 466x466, refreshRate=60
name=, phyWidth=38, phyHeight=38, supportLayers=12, virtualDispCount=0, propertyCount=0, type=DISP_INTF_HDMI, supportWriteBack=false
isSamplingOn=0, samplingScale=1.00, samplingTranslateX=0.00, samplingTranslateY=0.00
enableVisibleRect=0, mainScreenVisibleRect_=[0,0,0,0]

Battery: 
-------------------------------[ability]-------------------------------


----------------------------------BatteryService----------------------------------
Current time: 2026-03-24 10:44:56.662
capacity: 87 
batteryLevel: 3 
chargingStatus: 0 
healthState: 0 
pluggedType: 0 
voltage: 4334000 
present: 1 
technology: Unknown 
nowCurrent: -3 
currentAverage: 470 
totalEnergy: 825 
remainingEnergy: 717 
remainingChargeTime: 0 
temperature: 333 
chargeType: 4 

Storage: Filesystem                  Size  Used Avail Use% Mounted on
/dev/block/by-name/userdata  14G  3.9G   10G  30% /data


=== 2026/3/24 10:52:30 ===
Name: 未知
Model: RTS-AL00
SysVer: RTS-AL00CN 6.0.0.120(SP19C00E101R1P101)
Api: 22
Cpu: arm64-v8a
Resolution: 
-------------------------------[ability]-------------------------------


----------------------------------RenderService----------------------------------
-- ScreenInfo
screen[0]: id=0, powerStatus=POWER_STATUS_ON, backlight=15806, screenType=EXTERNAL_TYPE, render resolution=466x466, physical resolution=466x466, isVirtual=false, skipFrameInterval=1, expectedRefreshRate=-1, skipFrameStrategy=0
supportedMode[0]: 466x466, refreshRate=60
supportedMode[1]: 466x466, refreshRate=30
activeMode: 466x466, refreshRate=60
name=, phyWidth=38, phyHeight=38, supportLayers=12, virtualDispCount=0, propertyCount=0, type=DISP_INTF_HDMI, supportWriteBack=false
isSamplingOn=0, samplingScale=1.00, samplingTranslateX=0.00, samplingTranslateY=0.00
enableVisibleRect=0, mainScreenVisibleRect_=[0,0,0,0]

Battery: 
-------------------------------[ability]-------------------------------


----------------------------------BatteryService----------------------------------
Current time: 2026-03-24 10:52:30.092
capacity: 86 
batteryLevel: 3 
chargingStatus: 0 
healthState: 0 
pluggedType: 0 
voltage: 4333000 
present: 1 
technology: Unknown 
nowCurrent: -25 
currentAverage: 470 
totalEnergy: 825 
remainingEnergy: 709 
remainingChargeTime: 0 
temperature: 321 
chargeType: 4 

Storage: Filesystem                  Size  Used Avail Use% Mounted on
/dev/block/by-name/userdata  14G  3.9G   10G  30% /data


=== 2026/3/24 10:53:53 ===
Name: HUAWEI WATCH 5
Model: RTS-AL00
SysVer: RTS-AL00CN 6.0.0.120(SP19C00E101R1P101)
Api: 22
Cpu: arm64-v8a
Resolution: 
-------------------------------[ability]-------------------------------


----------------------------------RenderService----------------------------------
-- ScreenInfo
screen[0]: id=0, powerStatus=POWER_STATUS_ON, backlight=13107, screenType=EXTERNAL_TYPE, render resolution=466x466, physical resolution=466x466, isVirtual=false, skipFrameInterval=1, expectedRefreshRate=-1, skipFrameStrategy=0
supportedMode[0]: 466x466, refreshRate=60
supportedMode[1]: 466x466, refreshRate=30
activeMode: 466x466, refreshRate=60
name=, phyWidth=38, phyHeight=38, supportLayers=12, virtualDispCount=0, propertyCount=0, type=DISP_INTF_HDMI, supportWriteBack=false
isSamplingOn=0, samplingScale=1.00, samplingTranslateX=0.00, samplingTranslateY=0.00
enableVisibleRect=0, mainScreenVisibleRect_=[0,0,0,0]

Battery: 
-------------------------------[ability]-------------------------------


----------------------------------BatteryService----------------------------------
Current time: 2026-03-24 10:53:52.660
capacity: 86 
batteryLevel: 3 
chargingStatus: 0 
healthState: 0 
pluggedType: 0 
voltage: 4332000 
present: 1 
technology: Unknown 
nowCurrent: -98 
currentAverage: 470 
totalEnergy: 825 
remainingEnergy: 709 
remainingChargeTime: 0 
temperature: 321 
chargeType: 4 

Storage: Filesystem                  Size  Used Avail Use% Mounted on
/dev/block/by-name/userdata  14G  3.9G   10G  30% /data


=== 2026/3/24 10:54:26 ===
Name: HUAWEI WATCH 5
Model: RTS-AL00
SysVer: RTS-AL00CN 6.0.0.120(SP19C00E101R1P101)
Api: 22
Cpu: arm64-v8a
Resolution: 
-------------------------------[ability]-------------------------------


----------------------------------RenderService----------------------------------
-- ScreenInfo
screen[0]: id=0, powerStatus=POWER_STATUS_ON, backlight=13107, screenType=EXTERNAL_TYPE, render resolution=466x466, physical resolution=466x466, isVirtual=false, skipFrameInterval=1, expectedRefreshRate=-1, skipFrameStrategy=0
supportedMode[0]: 466x466, refreshRate=60
supportedMode[1]: 466x466, refreshRate=30
activeMode: 466x466, refreshRate=60
name=, phyWidth=38, phyHeight=38, supportLayers=12, virtualDispCount=0, propertyCount=0, type=DISP_INTF_HDMI, supportWriteBack=false
isSamplingOn=0, samplingScale=1.00, samplingTranslateX=0.00, samplingTranslateY=0.00
enableVisibleRect=0, mainScreenVisibleRect_=[0,0,0,0]

Battery: 
-------------------------------[ability]-------------------------------


----------------------------------BatteryService----------------------------------
Current time: 2026-03-24 10:54:26.039
capacity: 86 
batteryLevel: 3 
chargingStatus: 0 
healthState: 0 
pluggedType: 0 
voltage: 4326000 
present: 1 
technology: Unknown 
nowCurrent: -53 
currentAverage: 470 
totalEnergy: 825 
remainingEnergy: 709 
remainingChargeTime: 0 
temperature: 321 
chargeType: 4 

Storage: Filesystem                  Size  Used Avail Use% Mounted on
/dev/block/by-name/userdata  14G  3.9G   10G  30% /data


=== 2026/3/24 10:58:55 ===
Name: HUAWEI WATCH 5
Model: RTS-AL00
SysVer: RTS-AL00CN 6.0.0.120(SP19C00E101R1P101)
Api: 22
Cpu: arm64-v8a
Resolution: 
-------------------------------[ability]-------------------------------


----------------------------------RenderService----------------------------------
-- ScreenInfo
screen[0]: id=0, powerStatus=POWER_STATUS_ON, backlight=13107, screenType=EXTERNAL_TYPE, render resolution=466x466, physical resolution=466x466, isVirtual=false, skipFrameInterval=1, expectedRefreshRate=-1, skipFrameStrategy=0
supportedMode[0]: 466x466, refreshRate=60
supportedMode[1]: 466x466, refreshRate=30
activeMode: 466x466, refreshRate=60
name=, phyWidth=38, phyHeight=38, supportLayers=12, virtualDispCount=0, propertyCount=0, type=DISP_INTF_HDMI, supportWriteBack=false
isSamplingOn=0, samplingScale=1.00, samplingTranslateX=0.00, samplingTranslateY=0.00
enableVisibleRect=0, mainScreenVisibleRect_=[0,0,0,0]

Battery: 
-------------------------------[ability]-------------------------------


----------------------------------BatteryService----------------------------------
Current time: 2026-03-24 10:58:55.373
capacity: 86 
batteryLevel: 3 
chargingStatus: 0 
healthState: 0 
pluggedType: 0 
voltage: 4327000 
present: 1 
technology: Unknown 
nowCurrent: -22 
currentAverage: 470 
totalEnergy: 825 
remainingEnergy: 709 
remainingChargeTime: 0 
temperature: 320 
chargeType: 4 

Storage: Filesystem                  Size  Used Avail Use% Mounted on
/dev/block/by-name/userdata  14G  3.9G   10G  30% /data


=== 2026/3/24 10:59:33 ===
Name: HUAWEI WATCH 5
Model: RTS-AL00
SysVer: RTS-AL00CN 6.0.0.120(SP19C00E101R1P101)
Api: 22
Cpu: arm64-v8a
Resolution: 
-------------------------------[ability]-------------------------------


----------------------------------RenderService----------------------------------
-- ScreenInfo
screen[0]: id=0, powerStatus=POWER_STATUS_ON, backlight=13107, screenType=EXTERNAL_TYPE, render resolution=466x466, physical resolution=466x466, isVirtual=false, skipFrameInterval=1, expectedRefreshRate=-1, skipFrameStrategy=0
supportedMode[0]: 466x466, refreshRate=60
supportedMode[1]: 466x466, refreshRate=30
activeMode: 466x466, refreshRate=60
name=, phyWidth=38, phyHeight=38, supportLayers=12, virtualDispCount=0, propertyCount=0, type=DISP_INTF_HDMI, supportWriteBack=false
isSamplingOn=0, samplingScale=1.00, samplingTranslateX=0.00, samplingTranslateY=0.00
enableVisibleRect=0, mainScreenVisibleRect_=[0,0,0,0]

Battery: 
-------------------------------[ability]-------------------------------


----------------------------------BatteryService----------------------------------
Current time: 2026-03-24 10:59:33.169
capacity: 86 
batteryLevel: 3 
chargingStatus: 0 
healthState: 0 
pluggedType: 0 
voltage: 4326000 
present: 1 
technology: Unknown 
nowCurrent: -25 
currentAverage: 470 
totalEnergy: 825 
remainingEnergy: 709 
remainingChargeTime: 0 
temperature: 320 
chargeType: 4 

Storage: Filesystem                  Size  Used Avail Use% Mounted on
/dev/block/by-name/userdata  14G  3.9G   10G  30% /data


=== 2026/3/24 11:00:08 ===
Name: HUAWEI WATCH 5
Model: RTS-AL00
SysVer: RTS-AL00CN 6.0.0.120(SP19C00E101R1P101)
Api: 22
Cpu: arm64-v8a
Resolution: 
-------------------------------[ability]-------------------------------


----------------------------------RenderService----------------------------------
-- ScreenInfo
screen[0]: id=0, powerStatus=POWER_STATUS_ON, backlight=13107, screenType=EXTERNAL_TYPE, render resolution=466x466, physical resolution=466x466, isVirtual=false, skipFrameInterval=1, expectedRefreshRate=-1, skipFrameStrategy=0
supportedMode[0]: 466x466, refreshRate=60
supportedMode[1]: 466x466, refreshRate=30
activeMode: 466x466, refreshRate=60
name=, phyWidth=38, phyHeight=38, supportLayers=12, virtualDispCount=0, propertyCount=0, type=DISP_INTF_HDMI, supportWriteBack=false
isSamplingOn=0, samplingScale=1.00, samplingTranslateX=0.00, samplingTranslateY=0.00
enableVisibleRect=0, mainScreenVisibleRect_=[0,0,0,0]

Battery: 
-------------------------------[ability]-------------------------------


----------------------------------BatteryService----------------------------------
Current time: 2026-03-24 11:00:08.372
capacity: 86 
batteryLevel: 3 
chargingStatus: 0 
healthState: 0 
pluggedType: 0 
voltage: 4323000 
present: 1 
technology: Unknown 
nowCurrent: -57 
currentAverage: 470 
totalEnergy: 825 
remainingEnergy: 709 
remainingChargeTime: 0 
temperature: 320 
chargeType: 4 

Storage: Filesystem                  Size  Used Avail Use% Mounted on
/dev/block/by-name/userdata  14G  3.9G   10G  30% /data


=== 2026/3/24 11:03:19 ===
Name: HUAWEI WATCH 5
Model: RTS-AL00
SysVer: RTS-AL00CN 6.0.0.120(SP19C00E101R1P101)
Api: 22
Cpu: arm64-v8a
Resolution: 
-------------------------------[ability]-------------------------------


----------------------------------RenderService----------------------------------
-- ScreenInfo
screen[0]: id=0, powerStatus=POWER_STATUS_ON, backlight=13107, screenType=EXTERNAL_TYPE, render resolution=466x466, physical resolution=466x466, isVirtual=false, skipFrameInterval=1, expectedRefreshRate=-1, skipFrameStrategy=0
supportedMode[0]: 466x466, refreshRate=60
supportedMode[1]: 466x466, refreshRate=30
activeMode: 466x466, refreshRate=60
name=, phyWidth=38, phyHeight=38, supportLayers=12, virtualDispCount=0, propertyCount=0, type=DISP_INTF_HDMI, supportWriteBack=false
isSamplingOn=0, samplingScale=1.00, samplingTranslateX=0.00, samplingTranslateY=0.00
enableVisibleRect=0, mainScreenVisibleRect_=[0,0,0,0]

Battery: 
-------------------------------[ability]-------------------------------


----------------------------------BatteryService----------------------------------
Current time: 2026-03-24 11:03:19.385
capacity: 86 
batteryLevel: 3 
chargingStatus: 0 
healthState: 0 
pluggedType: 0 
voltage: 4325000 
present: 1 
technology: Unknown 
nowCurrent: -24 
currentAverage: 470 
totalEnergy: 825 
remainingEnergy: 709 
remainingChargeTime: 0 
temperature: 319 
chargeType: 4 

Storage: Filesystem                  Size  Used Avail Use% Mounted on
/dev/block/by-name/userdata  14G  3.9G   10G  30% /data


=== 2026/3/24 11:07:14 ===
Name: HUAWEI WATCH 5
Model: RTS-AL00
SysVer: RTS-AL00CN 6.0.0.120(SP19C00E101R1P101)
Api: 22
Cpu: arm64-v8a
Resolution: 
-------------------------------[ability]-------------------------------


----------------------------------RenderService----------------------------------
-- ScreenInfo
screen[0]: id=0, powerStatus=POWER_STATUS_ON, backlight=17091, screenType=EXTERNAL_TYPE, render resolution=466x466, physical resolution=466x466, isVirtual=false, skipFrameInterval=1, expectedRefreshRate=-1, skipFrameStrategy=0
supportedMode[0]: 466x466, refreshRate=60
supportedMode[1]: 466x466, refreshRate=30
activeMode: 466x466, refreshRate=60
name=, phyWidth=38, phyHeight=38, supportLayers=12, virtualDispCount=0, propertyCount=0, type=DISP_INTF_HDMI, supportWriteBack=false
isSamplingOn=0, samplingScale=1.00, samplingTranslateX=0.00, samplingTranslateY=0.00
enableVisibleRect=0, mainScreenVisibleRect_=[0,0,0,0]

Battery: 
-------------------------------[ability]-------------------------------


----------------------------------BatteryService----------------------------------
Current time: 2026-03-24 11:07:14.351
capacity: 85 
batteryLevel: 3 
chargingStatus: 0 
healthState: 0 
pluggedType: 0 
voltage: 4314000 
present: 1 
technology: Unknown 
nowCurrent: -86 
currentAverage: 470 
totalEnergy: 825 
remainingEnergy: 701 
remainingChargeTime: 0 
temperature: 314 
chargeType: 4 

Storage: Filesystem                  Size  Used Avail Use% Mounted on
/dev/block/by-name/userdata  14G  3.9G   10G  30% /data


=== 2026/3/24 11:08:24 ===
Name: 未知
Model: RTS-AL00
SysVer: RTS-AL00CN 6.0.0.120(SP19C00E101R1P101)
Api: 22
Cpu: arm64-v8a
Resolution: 
-------------------------------[ability]-------------------------------


----------------------------------RenderService----------------------------------
-- ScreenInfo
screen[0]: id=0, powerStatus=POWER_STATUS_ON, backlight=12079, screenType=EXTERNAL_TYPE, render resolution=466x466, physical resolution=466x466, isVirtual=false, skipFrameInterval=1, expectedRefreshRate=-1, skipFrameStrategy=0
supportedMode[0]: 466x466, refreshRate=60
supportedMode[1]: 466x466, refreshRate=30
activeMode: 466x466, refreshRate=60
name=, phyWidth=38, phyHeight=38, supportLayers=12, virtualDispCount=0, propertyCount=0, type=DISP_INTF_HDMI, supportWriteBack=false
isSamplingOn=0, samplingScale=1.00, samplingTranslateX=0.00, samplingTranslateY=0.00
enableVisibleRect=0, mainScreenVisibleRect_=[0,0,0,0]

Battery: 
-------------------------------[ability]-------------------------------


----------------------------------BatteryService----------------------------------
Current time: 2026-03-24 11:08:24.606
capacity: 85 
batteryLevel: 3 
chargingStatus: 0 
healthState: 0 
pluggedType: 0 
voltage: 4319000 
present: 1 
technology: Unknown 
nowCurrent: -86 
currentAverage: 470 
totalEnergy: 825 
remainingEnergy: 701 
remainingChargeTime: 0 
temperature: 317 
chargeType: 4 

Storage: Filesystem                  Size  Used Avail Use% Mounted on
/dev/block/by-name/userdata  14G  3.9G   10G  30% /data


=== 2026/3/24 11:09:36 ===
Name: 未知
Model: RTS-AL00
SysVer: RTS-AL00CN 6.0.0.120(SP19C00E101R1P101)
Api: 22
Cpu: arm64-v8a
Resolution: 
-------------------------------[ability]-------------------------------


----------------------------------RenderService----------------------------------
-- ScreenInfo
screen[0]: id=0, powerStatus=POWER_STATUS_ON, backlight=16191, screenType=EXTERNAL_TYPE, render resolution=466x466, physical resolution=466x466, isVirtual=false, skipFrameInterval=1, expectedRefreshRate=-1, skipFrameStrategy=0
supportedMode[0]: 466x466, refreshRate=60
supportedMode[1]: 466x466, refreshRate=30
activeMode: 466x466, refreshRate=60
name=, phyWidth=38, phyHeight=38, supportLayers=12, virtualDispCount=0, propertyCount=0, type=DISP_INTF_HDMI, supportWriteBack=false
isSamplingOn=0, samplingScale=1.00, samplingTranslateX=0.00, samplingTranslateY=0.00
enableVisibleRect=0, mainScreenVisibleRect_=[0,0,0,0]

Battery: 
-------------------------------[ability]-------------------------------


----------------------------------BatteryService----------------------------------
Current time: 2026-03-24 11:09:36.631
capacity: 85 
batteryLevel: 3 
chargingStatus: 0 
healthState: 0 
pluggedType: 0 
voltage: 4320000 
present: 1 
technology: Unknown 
nowCurrent: -71 
currentAverage: 470 
totalEnergy: 825 
remainingEnergy: 701 
remainingChargeTime: 0 
temperature: 317 
chargeType: 4 

Storage: Filesystem                  Size  Used Avail Use% Mounted on
/dev/block/by-name/userdata  14G  3.9G   10G  30% /data


=== 2026/3/24 11:13:16 ===
Name: HUAWEI WATCH 5
Model: RTS-AL00
SysVer: RTS-AL00CN 6.0.0.120(SP19C00E101R1P101)
Api: 22
Cpu: arm64-v8a
Resolution: 
-------------------------------[ability]-------------------------------


----------------------------------RenderService----------------------------------
-- ScreenInfo
screen[0]: id=0, powerStatus=POWER_STATUS_ON, backlight=16191, screenType=EXTERNAL_TYPE, render resolution=466x466, physical resolution=466x466, isVirtual=false, skipFrameInterval=1, expectedRefreshRate=-1, skipFrameStrategy=0
supportedMode[0]: 466x466, refreshRate=60
supportedMode[1]: 466x466, refreshRate=30
activeMode: 466x466, refreshRate=60
name=, phyWidth=38, phyHeight=38, supportLayers=12, virtualDispCount=0, propertyCount=0, type=DISP_INTF_HDMI, supportWriteBack=false
isSamplingOn=0, samplingScale=1.00, samplingTranslateX=0.00, samplingTranslateY=0.00
enableVisibleRect=0, mainScreenVisibleRect_=[0,0,0,0]

Battery: 
-------------------------------[ability]-------------------------------


----------------------------------BatteryService----------------------------------
Current time: 2026-03-24 11:13:15.839
capacity: 85 
batteryLevel: 3 
chargingStatus: 0 
healthState: 0 
pluggedType: 0 
voltage: 4320000 
present: 1 
technology: Unknown 
nowCurrent: -28 
currentAverage: 470 
totalEnergy: 825 
remainingEnergy: 701 
remainingChargeTime: 0 
temperature: 318 
chargeType: 4 

Storage: Filesystem                  Size  Used Avail Use% Mounted on
/dev/block/by-name/userdata  14G  3.9G   10G  30% /data


=== 2026/3/24 11:16:22 ===
Name: HUAWEI WATCH 5
Model: RTS-AL00
SysVer: RTS-AL00CN 6.0.0.120(SP19C00E101R1P101)
Api: 22
Cpu: arm64-v8a
Resolution: 
-------------------------------[ability]-------------------------------


----------------------------------RenderService----------------------------------
-- ScreenInfo
screen[0]: id=0, powerStatus=POWER_STATUS_ON, backlight=12593, screenType=EXTERNAL_TYPE, render resolution=466x466, physical resolution=466x466, isVirtual=false, skipFrameInterval=1, expectedRefreshRate=-1, skipFrameStrategy=0
supportedMode[0]: 466x466, refreshRate=60
supportedMode[1]: 466x466, refreshRate=30
activeMode: 466x466, refreshRate=60
name=, phyWidth=38, phyHeight=38, supportLayers=12, virtualDispCount=0, propertyCount=0, type=DISP_INTF_HDMI, supportWriteBack=false
isSamplingOn=0, samplingScale=1.00, samplingTranslateX=0.00, samplingTranslateY=0.00
enableVisibleRect=0, mainScreenVisibleRect_=[0,0,0,0]

Battery: 
-------------------------------[ability]-------------------------------


----------------------------------BatteryService----------------------------------
Current time: 2026-03-24 11:16:21.699
capacity: 85 
batteryLevel: 3 
chargingStatus: 0 
healthState: 0 
pluggedType: 0 
voltage: 4317000 
present: 1 
technology: Unknown 
nowCurrent: -59 
currentAverage: 470 
totalEnergy: 825 
remainingEnergy: 701 
remainingChargeTime: 0 
temperature: 321 
chargeType: 4 

Storage: Filesystem                  Size  Used Avail Use% Mounted on
/dev/block/by-name/userdata  14G  3.9G   10G  30% /data


=== 2026/3/24 11:17:45 ===
Name: HUAWEI WATCH 5
Model: RTS-AL00
SysVer: RTS-AL00CN 6.0.0.120(SP19C00E101R1P101)
Api: 22
Cpu: arm64-v8a
Resolution: 
-------------------------------[ability]-------------------------------


----------------------------------RenderService----------------------------------
-- ScreenInfo
screen[0]: id=0, powerStatus=POWER_STATUS_ON, backlight=19018, screenType=EXTERNAL_TYPE, render resolution=466x466, physical resolution=466x466, isVirtual=false, skipFrameInterval=1, expectedRefreshRate=-1, skipFrameStrategy=0
supportedMode[0]: 466x466, refreshRate=60
supportedMode[1]: 466x466, refreshRate=30
activeMode: 466x466, refreshRate=60
name=, phyWidth=38, phyHeight=38, supportLayers=12, virtualDispCount=0, propertyCount=0, type=DISP_INTF_HDMI, supportWriteBack=false
isSamplingOn=0, samplingScale=1.00, samplingTranslateX=0.00, samplingTranslateY=0.00
enableVisibleRect=0, mainScreenVisibleRect_=[0,0,0,0]

Battery: 
-------------------------------[ability]-------------------------------


----------------------------------BatteryService----------------------------------
Current time: 2026-03-24 11:17:45.691
capacity: 85 
batteryLevel: 3 
chargingStatus: 0 
healthState: 0 
pluggedType: 0 
voltage: 4316000 
present: 1 
technology: Unknown 
nowCurrent: -25 
currentAverage: 470 
totalEnergy: 825 
remainingEnergy: 701 
remainingChargeTime: 0 
temperature: 320 
chargeType: 4 

Storage: Filesystem                  Size  Used Avail Use% Mounted on
/dev/block/by-name/userdata  14G  3.9G   10G  30% /data


=== 2026/3/24 11:23:16 ===
Name: HUAWEI WATCH 5
Model: RTS-AL00
SysVer: RTS-AL00CN 6.0.0.120(SP19C00E101R1P101)
Api: 22
Cpu: arm64-v8a
Resolution: 
-------------------------------[ability]-------------------------------


----------------------------------RenderService----------------------------------
-- ScreenInfo
screen[0]: id=0, powerStatus=POWER_STATUS_ON, backlight=12208, screenType=EXTERNAL_TYPE, render resolution=466x466, physical resolution=466x466, isVirtual=false, skipFrameInterval=1, expectedRefreshRate=-1, skipFrameStrategy=0
supportedMode[0]: 466x466, refreshRate=60
supportedMode[1]: 466x466, refreshRate=30
activeMode: 466x466, refreshRate=60
name=, phyWidth=38, phyHeight=38, supportLayers=12, virtualDispCount=0, propertyCount=0, type=DISP_INTF_HDMI, supportWriteBack=false
isSamplingOn=0, samplingScale=1.00, samplingTranslateX=0.00, samplingTranslateY=0.00
enableVisibleRect=0, mainScreenVisibleRect_=[0,0,0,0]

Battery: 
-------------------------------[ability]-------------------------------


----------------------------------BatteryService----------------------------------
Current time: 2026-03-24 11:23:15.792
capacity: 84 
batteryLevel: 3 
chargingStatus: 0 
healthState: 0 
pluggedType: 0 
voltage: 4314000 
present: 1 
technology: Unknown 
nowCurrent: -21 
currentAverage: 470 
totalEnergy: 825 
remainingEnergy: 693 
remainingChargeTime: 0 
temperature: 322 
chargeType: 4 

Storage: Filesystem                  Size  Used Avail Use% Mounted on
/dev/block/by-name/userdata  14G  3.9G   10G  30% /data


=== 2026/3/24 11:26:30 ===
Name: HUAWEI WATCH 5
Model: RTS-AL00
SysVer: RTS-AL00CN 6.0.0.120(SP19C00E101R1P101)
Api: 22
Cpu: arm64-v8a
Resolution: 
-------------------------------[ability]-------------------------------


----------------------------------RenderService----------------------------------
-- ScreenInfo
screen[0]: id=0, powerStatus=POWER_STATUS_ON, backlight=16962, screenType=EXTERNAL_TYPE, render resolution=466x466, physical resolution=466x466, isVirtual=false, skipFrameInterval=1, expectedRefreshRate=-1, skipFrameStrategy=0
supportedMode[0]: 466x466, refreshRate=60
supportedMode[1]: 466x466, refreshRate=30
activeMode: 466x466, refreshRate=60
name=, phyWidth=38, phyHeight=38, supportLayers=12, virtualDispCount=0, propertyCount=0, type=DISP_INTF_HDMI, supportWriteBack=false
isSamplingOn=0, samplingScale=1.00, samplingTranslateX=0.00, samplingTranslateY=0.00
enableVisibleRect=0, mainScreenVisibleRect_=[0,0,0,0]

Battery: 
-------------------------------[ability]-------------------------------


----------------------------------BatteryService----------------------------------
Current time: 2026-03-24 11:26:30.091
capacity: 84 
batteryLevel: 3 
chargingStatus: 0 
healthState: 0 
pluggedType: 0 
voltage: 4311000 
present: 1 
technology: Unknown 
nowCurrent: -27 
currentAverage: 470 
totalEnergy: 825 
remainingEnergy: 693 
remainingChargeTime: 0 
temperature: 322 
chargeType: 4 

Storage: Filesystem                  Size  Used Avail Use% Mounted on
/dev/block/by-name/userdata  14G  3.9G   10G  30% /data


=== 2026/3/24 18:41:16 ===
Name: 未知
Model: RTS-AL00
SysVer: RTS-AL00CN 6.0.0.120(SP19C00E101R1P101)
Api: 22
Cpu: arm64-v8a
Resolution: 
-------------------------------[ability]-------------------------------


----------------------------------RenderService----------------------------------
-- ScreenInfo
screen[0]: id=0, powerStatus=POWER_STATUS_ON, backlight=15420, screenType=EXTERNAL_TYPE, render resolution=466x466, physical resolution=466x466, isVirtual=false, skipFrameInterval=1, expectedRefreshRate=-1, skipFrameStrategy=0
supportedMode[0]: 466x466, refreshRate=60
supportedMode[1]: 466x466, refreshRate=30
activeMode: 466x466, refreshRate=60
name=, phyWidth=38, phyHeight=38, supportLayers=12, virtualDispCount=0, propertyCount=0, type=DISP_INTF_HDMI, supportWriteBack=false
isSamplingOn=0, samplingScale=1.00, samplingTranslateX=0.00, samplingTranslateY=0.00
enableVisibleRect=0, mainScreenVisibleRect_=[0,0,0,0]

Battery: 
-------------------------------[ability]-------------------------------


----------------------------------BatteryService----------------------------------
Current time: 2026-03-24 18:41:16.819
capacity: 77 
batteryLevel: 3 
chargingStatus: 0 
healthState: 0 
pluggedType: 0 
voltage: 4243000 
present: 1 
technology: Unknown 
nowCurrent: -8 
currentAverage: 470 
totalEnergy: 825 
remainingEnergy: 635 
remainingChargeTime: 0 
temperature: 307 
chargeType: 4 

Storage: Filesystem                  Size  Used Avail Use% Mounted on
/dev/block/by-name/userdata  14G  3.9G   10G  30% /data


=== 2026/3/24 18:46:07 ===
Name: HUAWEI WATCH 5
Model: RTS-AL00
SysVer: RTS-AL00CN 6.0.0.120(SP19C00E101R1P101)
Api: 22
Cpu: arm64-v8a
Resolution: 
-------------------------------[ability]-------------------------------


----------------------------------RenderService----------------------------------
-- ScreenInfo
screen[0]: id=0, powerStatus=POWER_STATUS_ON, backlight=15420, screenType=EXTERNAL_TYPE, render resolution=466x466, physical resolution=466x466, isVirtual=false, skipFrameInterval=1, expectedRefreshRate=-1, skipFrameStrategy=0
supportedMode[0]: 466x466, refreshRate=60
supportedMode[1]: 466x466, refreshRate=30
activeMode: 466x466, refreshRate=60
name=, phyWidth=38, phyHeight=38, supportLayers=12, virtualDispCount=0, propertyCount=0, type=DISP_INTF_HDMI, supportWriteBack=false
isSamplingOn=0, samplingScale=1.00, samplingTranslateX=0.00, samplingTranslateY=0.00
enableVisibleRect=0, mainScreenVisibleRect_=[0,0,0,0]

Battery: 
-------------------------------[ability]-------------------------------


----------------------------------BatteryService----------------------------------
Current time: 2026-03-24 18:46:07.699
capacity: 77 
batteryLevel: 3 
chargingStatus: 0 
healthState: 0 
pluggedType: 0 
voltage: 4231000 
present: 1 
technology: Unknown 
nowCurrent: -34 
currentAverage: 470 
totalEnergy: 825 
remainingEnergy: 635 
remainingChargeTime: 0 
temperature: 317 
chargeType: 4 

Storage: Filesystem                  Size  Used Avail Use% Mounted on
/dev/block/by-name/userdata  14G  3.9G   10G  30% /data


=== 2026/3/24 18:47:51 ===
Name: HUAWEI WATCH 5
Model: RTS-AL00
SysVer: RTS-AL00CN 6.0.0.120(SP19C00E101R1P101)
Api: 22
Cpu: arm64-v8a
Resolution: 
-------------------------------[ability]-------------------------------


----------------------------------RenderService----------------------------------
-- ScreenInfo
screen[0]: id=0, powerStatus=POWER_STATUS_ON, backlight=15420, screenType=EXTERNAL_TYPE, render resolution=466x466, physical resolution=466x466, isVirtual=false, skipFrameInterval=1, expectedRefreshRate=-1, skipFrameStrategy=0
supportedMode[0]: 466x466, refreshRate=60
supportedMode[1]: 466x466, refreshRate=30
activeMode: 466x466, refreshRate=60
name=, phyWidth=38, phyHeight=38, supportLayers=12, virtualDispCount=0, propertyCount=0, type=DISP_INTF_HDMI, supportWriteBack=false
isSamplingOn=0, samplingScale=1.00, samplingTranslateX=0.00, samplingTranslateY=0.00
enableVisibleRect=0, mainScreenVisibleRect_=[0,0,0,0]

Battery: 
-------------------------------[ability]-------------------------------


----------------------------------BatteryService----------------------------------
Current time: 2026-03-24 18:47:51.762
capacity: 77 
batteryLevel: 3 
chargingStatus: 0 
healthState: 0 
pluggedType: 0 
voltage: 4226000 
present: 1 
technology: Unknown 
nowCurrent: -27 
currentAverage: 470 
totalEnergy: 825 
remainingEnergy: 635 
remainingChargeTime: 0 
temperature: 317 
chargeType: 4 

Storage: Filesystem                  Size  Used Avail Use% Mounted on
/dev/block/by-name/userdata  14G  3.9G   10G  30% /data


=== 2026/3/24 18:48:45 ===
Name: HUAWEI WATCH 5
Model: RTS-AL00
SysVer: RTS-AL00CN 6.0.0.120(SP19C00E101R1P101)
Api: 22
Cpu: arm64-v8a
Resolution: 
-------------------------------[ability]-------------------------------


----------------------------------RenderService----------------------------------
-- ScreenInfo
screen[0]: id=0, powerStatus=POWER_STATUS_ON, backlight=15420, screenType=EXTERNAL_TYPE, render resolution=466x466, physical resolution=466x466, isVirtual=false, skipFrameInterval=1, expectedRefreshRate=-1, skipFrameStrategy=0
supportedMode[0]: 466x466, refreshRate=60
supportedMode[1]: 466x466, refreshRate=30
activeMode: 466x466, refreshRate=60
name=, phyWidth=38, phyHeight=38, supportLayers=12, virtualDispCount=0, propertyCount=0, type=DISP_INTF_HDMI, supportWriteBack=false
isSamplingOn=0, samplingScale=1.00, samplingTranslateX=0.00, samplingTranslateY=0.00
enableVisibleRect=0, mainScreenVisibleRect_=[0,0,0,0]

Battery: 
-------------------------------[ability]-------------------------------


----------------------------------BatteryService----------------------------------
Current time: 2026-03-24 18:48:46.066
capacity: 77 
batteryLevel: 3 
chargingStatus: 0 
healthState: 0 
pluggedType: 0 
voltage: 4227000 
present: 1 
technology: Unknown 
nowCurrent: -107 
currentAverage: 470 
totalEnergy: 825 
remainingEnergy: 635 
remainingChargeTime: 0 
temperature: 319 
chargeType: 4 

Storage: Filesystem                  Size  Used Avail Use% Mounted on
/dev/block/by-name/userdata  14G  3.9G   10G  30% /data


=== 2026/3/24 18:51:25 ===
Name: HUAWEI WATCH 5
Model: RTS-AL00
SysVer: RTS-AL00CN 6.0.0.120(SP19C00E101R1P101)
Api: 22
Cpu: arm64-v8a
Resolution: 
-------------------------------[ability]-------------------------------


----------------------------------RenderService----------------------------------
-- ScreenInfo
screen[0]: id=0, powerStatus=POWER_STATUS_ON, backlight=15420, screenType=EXTERNAL_TYPE, render resolution=466x466, physical resolution=466x466, isVirtual=false, skipFrameInterval=1, expectedRefreshRate=-1, skipFrameStrategy=0
supportedMode[0]: 466x466, refreshRate=60
supportedMode[1]: 466x466, refreshRate=30
activeMode: 466x466, refreshRate=60
name=, phyWidth=38, phyHeight=38, supportLayers=12, virtualDispCount=0, propertyCount=0, type=DISP_INTF_HDMI, supportWriteBack=false
isSamplingOn=0, samplingScale=1.00, samplingTranslateX=0.00, samplingTranslateY=0.00
enableVisibleRect=0, mainScreenVisibleRect_=[0,0,0,0]

Battery: 
-------------------------------[ability]-------------------------------


----------------------------------BatteryService----------------------------------
Current time: 2026-03-24 18:51:26.321
capacity: 77 
batteryLevel: 3 
chargingStatus: 0 
healthState: 0 
pluggedType: 0 
voltage: 4227000 
present: 1 
technology: Unknown 
nowCurrent: -24 
currentAverage: 470 
totalEnergy: 825 
remainingEnergy: 635 
remainingChargeTime: 0 
temperature: 320 
chargeType: 4 

Storage: Filesystem                  Size  Used Avail Use% Mounted on
/dev/block/by-name/userdata  14G  3.9G   10G  30% /data


=== 2026/3/24 18:55:03 ===
Name: 未知
Model: RTS-AL00
SysVer: RTS-AL00CN 6.0.0.120(SP19C00E101R1P101)
Api: 22
Cpu: arm64-v8a
Resolution: 
-------------------------------[ability]-------------------------------


----------------------------------RenderService----------------------------------
-- ScreenInfo
screen[0]: id=0, powerStatus=POWER_STATUS_ON, backlight=15163, screenType=EXTERNAL_TYPE, render resolution=466x466, physical resolution=466x466, isVirtual=false, skipFrameInterval=1, expectedRefreshRate=-1, skipFrameStrategy=0
supportedMode[0]: 466x466, refreshRate=60
supportedMode[1]: 466x466, refreshRate=30
activeMode: 466x466, refreshRate=60
name=, phyWidth=38, phyHeight=38, supportLayers=12, virtualDispCount=0, propertyCount=0, type=DISP_INTF_HDMI, supportWriteBack=false
isSamplingOn=0, samplingScale=1.00, samplingTranslateX=0.00, samplingTranslateY=0.00
enableVisibleRect=0, mainScreenVisibleRect_=[0,0,0,0]

Battery: 
-------------------------------[ability]-------------------------------


----------------------------------BatteryService----------------------------------
Current time: 2026-03-24 18:55:04.316
capacity: 76 
batteryLevel: 3 
chargingStatus: 0 
healthState: 0 
pluggedType: 0 
voltage: 4225000 
present: 1 
technology: Unknown 
nowCurrent: -22 
currentAverage: 470 
totalEnergy: 825 
remainingEnergy: 627 
remainingChargeTime: 0 
temperature: 321 
chargeType: 4 

Storage: Filesystem                  Size  Used Avail Use% Mounted on
/dev/block/by-name/userdata  14G  3.9G   10G  30% /data


=== 2026/3/24 18:56:10 ===
Name: HUAWEI WATCH 5
Model: RTS-AL00
SysVer: RTS-AL00CN 6.0.0.120(SP19C00E101R1P101)
Api: 22
Cpu: arm64-v8a
Resolution: 
-------------------------------[ability]-------------------------------


----------------------------------RenderService----------------------------------
-- ScreenInfo
screen[0]: id=0, powerStatus=POWER_STATUS_ON, backlight=15163, screenType=EXTERNAL_TYPE, render resolution=466x466, physical resolution=466x466, isVirtual=false, skipFrameInterval=1, expectedRefreshRate=-1, skipFrameStrategy=0
supportedMode[0]: 466x466, refreshRate=60
supportedMode[1]: 466x466, refreshRate=30
activeMode: 466x466, refreshRate=60
name=, phyWidth=38, phyHeight=38, supportLayers=12, virtualDispCount=0, propertyCount=0, type=DISP_INTF_HDMI, supportWriteBack=false
isSamplingOn=0, samplingScale=1.00, samplingTranslateX=0.00, samplingTranslateY=0.00
enableVisibleRect=0, mainScreenVisibleRect_=[0,0,0,0]

Battery: 
-------------------------------[ability]-------------------------------


----------------------------------BatteryService----------------------------------
Current time: 2026-03-24 18:56:11.312
capacity: 76 
batteryLevel: 3 
chargingStatus: 0 
healthState: 0 
pluggedType: 0 
voltage: 4223000 
present: 1 
technology: Unknown 
nowCurrent: -71 
currentAverage: 470 
totalEnergy: 825 
remainingEnergy: 627 
remainingChargeTime: 0 
temperature: 322 
chargeType: 4 

Storage: Filesystem                  Size  Used Avail Use% Mounted on
/dev/block/by-name/userdata  14G  3.9G   10G  30% /data


=== 2026/3/24 19:00:22 ===
Name: HUAWEI WATCH 5
Model: RTS-AL00
SysVer: RTS-AL00CN 6.0.0.120(SP19C00E101R1P101)
Api: 22
Cpu: arm64-v8a
Resolution: 
-------------------------------[ability]-------------------------------


----------------------------------RenderService----------------------------------
-- ScreenInfo
screen[0]: id=0, powerStatus=POWER_STATUS_ON, backlight=15163, screenType=EXTERNAL_TYPE, render resolution=466x466, physical resolution=466x466, isVirtual=false, skipFrameInterval=1, expectedRefreshRate=-1, skipFrameStrategy=0
supportedMode[0]: 466x466, refreshRate=60
supportedMode[1]: 466x466, refreshRate=30
activeMode: 466x466, refreshRate=60
name=, phyWidth=38, phyHeight=38, supportLayers=12, virtualDispCount=0, propertyCount=0, type=DISP_INTF_HDMI, supportWriteBack=false
isSamplingOn=0, samplingScale=1.00, samplingTranslateX=0.00, samplingTranslateY=0.00
enableVisibleRect=0, mainScreenVisibleRect_=[0,0,0,0]

Battery: 
-------------------------------[ability]-------------------------------


----------------------------------BatteryService----------------------------------
Current time: 2026-03-24 19:00:22.812
capacity: 76 
batteryLevel: 3 
chargingStatus: 0 
healthState: 0 
pluggedType: 0 
voltage: 4220000 
present: 1 
technology: Unknown 
nowCurrent: -34 
currentAverage: 470 
totalEnergy: 825 
remainingEnergy: 627 
remainingChargeTime: 0 
temperature: 323 
chargeType: 4 

Storage: Filesystem                  Size  Used Avail Use% Mounted on
/dev/block/by-name/userdata  14G  3.9G   10G  30% /data


=== 2026/3/24 20:18:39 ===
Name: HUAWEI WATCH 5
Model: RTS-AL00
SysVer: RTS-AL00CN 6.0.0.120(SP19C00E101R1P101)
Api: 22
Cpu: arm64-v8a
Resolution: 
-------------------------------[ability]-------------------------------


----------------------------------RenderService----------------------------------
-- ScreenInfo
screen[0]: id=0, powerStatus=POWER_STATUS_ON, backlight=14906, screenType=EXTERNAL_TYPE, render resolution=466x466, physical resolution=466x466, isVirtual=false, skipFrameInterval=1, expectedRefreshRate=-1, skipFrameStrategy=0
supportedMode[0]: 466x466, refreshRate=60
supportedMode[1]: 466x466, refreshRate=30
activeMode: 466x466, refreshRate=60
name=, phyWidth=38, phyHeight=38, supportLayers=12, virtualDispCount=0, propertyCount=0, type=DISP_INTF_HDMI, supportWriteBack=false
isSamplingOn=0, samplingScale=1.00, samplingTranslateX=0.00, samplingTranslateY=0.00
enableVisibleRect=0, mainScreenVisibleRect_=[0,0,0,0]

Battery: 
-------------------------------[ability]-------------------------------


----------------------------------BatteryService----------------------------------
Current time: 2026-03-24 20:18:40.839
capacity: 75 
batteryLevel: 3 
chargingStatus: 0 
healthState: 0 
pluggedType: 0 
voltage: 4213000 
present: 1 
technology: Unknown 
nowCurrent: -2 
currentAverage: 470 
totalEnergy: 825 
remainingEnergy: 618 
remainingChargeTime: 0 
temperature: 307 
chargeType: 4 

Storage: Filesystem                  Size  Used Avail Use% Mounted on
/dev/block/by-name/userdata  14G  3.9G   10G  30% /data


=== 2026/3/24 21:43:23 ===
Name: HUAWEI WATCH 5
Model: RTS-AL00
SysVer: RTS-AL00CN 6.0.0.120(SP19C00E101R1P101)
Api: 22
Cpu: arm64-v8a
Resolution: 
-------------------------------[ability]-------------------------------


----------------------------------RenderService----------------------------------
-- ScreenInfo
screen[0]: id=0, powerStatus=POWER_STATUS_ON, backlight=14392, screenType=EXTERNAL_TYPE, render resolution=466x466, physical resolution=466x466, isVirtual=false, skipFrameInterval=1, expectedRefreshRate=-1, skipFrameStrategy=0
supportedMode[0]: 466x466, refreshRate=60
supportedMode[1]: 466x466, refreshRate=30
activeMode: 466x466, refreshRate=60
name=, phyWidth=38, phyHeight=38, supportLayers=12, virtualDispCount=0, propertyCount=0, type=DISP_INTF_HDMI, supportWriteBack=false
isSamplingOn=0, samplingScale=1.00, samplingTranslateX=0.00, samplingTranslateY=0.00
enableVisibleRect=0, mainScreenVisibleRect_=[0,0,0,0]

Battery: 
-------------------------------[ability]-------------------------------


----------------------------------BatteryService----------------------------------
Current time: 2026-03-24 21:43:24.178
capacity: 89 
batteryLevel: 3 
chargingStatus: 1 
healthState: 0 
pluggedType: 3 
voltage: 4460000 
present: 1 
technology: Unknown 
nowCurrent: 288 
currentAverage: 470 
totalEnergy: 825 
remainingEnergy: 734 
remainingChargeTime: 17732 
temperature: 314 
chargeType: 6 

Storage: Filesystem                  Size  Used Avail Use% Mounted on
/dev/block/by-name/userdata  14G  3.9G   10G  30% /data


=== 2026/3/24 21:44:18 ===
Name: HUAWEI WATCH 5
Model: RTS-AL00
SysVer: RTS-AL00CN 6.0.0.120(SP19C00E101R1P101)
Api: 22
Cpu: arm64-v8a
Resolution: 
-------------------------------[ability]-------------------------------


----------------------------------RenderService----------------------------------
-- ScreenInfo
screen[0]: id=0, powerStatus=POWER_STATUS_ON, backlight=14392, screenType=EXTERNAL_TYPE, render resolution=466x466, physical resolution=466x466, isVirtual=false, skipFrameInterval=1, expectedRefreshRate=-1, skipFrameStrategy=0
supportedMode[0]: 466x466, refreshRate=60
supportedMode[1]: 466x466, refreshRate=30
activeMode: 466x466, refreshRate=60
name=, phyWidth=38, phyHeight=38, supportLayers=12, virtualDispCount=0, propertyCount=0, type=DISP_INTF_HDMI, supportWriteBack=false
isSamplingOn=0, samplingScale=1.00, samplingTranslateX=0.00, samplingTranslateY=0.00
enableVisibleRect=0, mainScreenVisibleRect_=[0,0,0,0]

Battery: 
-------------------------------[ability]-------------------------------


----------------------------------BatteryService----------------------------------
Current time: 2026-03-24 21:44:18.627
capacity: 89 
batteryLevel: 3 
chargingStatus: 1 
healthState: 0 
pluggedType: 3 
voltage: 4461000 
present: 1 
technology: Unknown 
nowCurrent: 277 
currentAverage: 470 
totalEnergy: 825 
remainingEnergy: 734 
remainingChargeTime: 17732 
temperature: 317 
chargeType: 6 

Storage: Filesystem                  Size  Used Avail Use% Mounted on
/dev/block/by-name/userdata  14G  3.9G   10G  30% /data


=== 2026/3/24 21:49:45 ===
Name: HUAWEI WATCH 5
Model: RTS-AL00
SysVer: RTS-AL00CN 6.0.0.120(SP19C00E101R1P101)
Api: 22
Cpu: arm64-v8a
Resolution: 
-------------------------------[ability]-------------------------------


----------------------------------RenderService----------------------------------
-- ScreenInfo
screen[0]: id=0, powerStatus=POWER_STATUS_ON, backlight=14392, screenType=EXTERNAL_TYPE, render resolution=466x466, physical resolution=466x466, isVirtual=false, skipFrameInterval=1, expectedRefreshRate=-1, skipFrameStrategy=0
supportedMode[0]: 466x466, refreshRate=60
supportedMode[1]: 466x466, refreshRate=30
activeMode: 466x466, refreshRate=60
name=, phyWidth=38, phyHeight=38, supportLayers=12, virtualDispCount=0, propertyCount=0, type=DISP_INTF_HDMI, supportWriteBack=false
isSamplingOn=0, samplingScale=1.00, samplingTranslateX=0.00, samplingTranslateY=0.00
enableVisibleRect=0, mainScreenVisibleRect_=[0,0,0,0]

Battery: 
-------------------------------[ability]-------------------------------


----------------------------------BatteryService----------------------------------
Current time: 2026-03-24 21:49:46.295
capacity: 92 
batteryLevel: 2 
chargingStatus: 1 
healthState: 0 
pluggedType: 3 
voltage: 4469000 
present: 1 
technology: Unknown 
nowCurrent: 207 
currentAverage: 470 
totalEnergy: 825 
remainingEnergy: 759 
remainingChargeTime: 1045352 
temperature: 316 
chargeType: 6 

Storage: Filesystem                  Size  Used Avail Use% Mounted on
/dev/block/by-name/userdata  14G  3.9G   10G  30% /data


=== 2026/3/24 21:51:48 ===
Name: HUAWEI WATCH 5
Model: RTS-AL00
SysVer: RTS-AL00CN 6.0.0.120(SP19C00E101R1P101)
Api: 22
Cpu: arm64-v8a
Resolution: 
-------------------------------[ability]-------------------------------


----------------------------------RenderService----------------------------------
-- ScreenInfo
screen[0]: id=0, powerStatus=POWER_STATUS_ON, backlight=14392, screenType=EXTERNAL_TYPE, render resolution=466x466, physical resolution=466x466, isVirtual=false, skipFrameInterval=1, expectedRefreshRate=-1, skipFrameStrategy=0
supportedMode[0]: 466x466, refreshRate=60
supportedMode[1]: 466x466, refreshRate=30
activeMode: 466x466, refreshRate=60
name=, phyWidth=38, phyHeight=38, supportLayers=12, virtualDispCount=0, propertyCount=0, type=DISP_INTF_HDMI, supportWriteBack=false
isSamplingOn=0, samplingScale=1.00, samplingTranslateX=0.00, samplingTranslateY=0.00
enableVisibleRect=0, mainScreenVisibleRect_=[0,0,0,0]

Battery: 
-------------------------------[ability]-------------------------------


----------------------------------BatteryService----------------------------------
Current time: 2026-03-24 21:51:48.967
capacity: 93 
batteryLevel: 2 
chargingStatus: 1 
healthState: 0 
pluggedType: 3 
voltage: 4472000 
present: 1 
technology: Unknown 
nowCurrent: 186 
currentAverage: 470 
totalEnergy: 825 
remainingEnergy: 767 
remainingChargeTime: 1056867 
temperature: 312 
chargeType: 6 

Storage: Filesystem                  Size  Used Avail Use% Mounted on
/dev/block/by-name/userdata  14G  3.9G   10G  30% /data


=== 2026/3/24 21:54:41 ===
Name: HUAWEI WATCH 5
Model: RTS-AL00
SysVer: RTS-AL00CN 6.0.0.120(SP19C00E101R1P101)
Api: 22
Cpu: arm64-v8a
Resolution: 
-------------------------------[ability]-------------------------------


----------------------------------RenderService----------------------------------
-- ScreenInfo
screen[0]: id=0, powerStatus=POWER_STATUS_ON, backlight=14392, screenType=EXTERNAL_TYPE, render resolution=466x466, physical resolution=466x466, isVirtual=false, skipFrameInterval=1, expectedRefreshRate=-1, skipFrameStrategy=0
supportedMode[0]: 466x466, refreshRate=60
supportedMode[1]: 466x466, refreshRate=30
activeMode: 466x466, refreshRate=60
name=, phyWidth=38, phyHeight=38, supportLayers=12, virtualDispCount=0, propertyCount=0, type=DISP_INTF_HDMI, supportWriteBack=false
isSamplingOn=0, samplingScale=1.00, samplingTranslateX=0.00, samplingTranslateY=0.00
enableVisibleRect=0, mainScreenVisibleRect_=[0,0,0,0]

Battery: 
-------------------------------[ability]-------------------------------


----------------------------------BatteryService----------------------------------
Current time: 2026-03-24 21:54:42.254
capacity: 94 
batteryLevel: 2 
chargingStatus: 1 
healthState: 0 
pluggedType: 3 
voltage: 4475000 
present: 1 
technology: Unknown 
nowCurrent: 161 
currentAverage: 470 
totalEnergy: 825 
remainingEnergy: 775 
remainingChargeTime: 1026432 
temperature: 309 
chargeType: 6 

Storage: Filesystem                  Size  Used Avail Use% Mounted on
/dev/block/by-name/userdata  14G  3.9G   10G  30% /data


=== 2026/3/24 21:56:04 ===
Name: HUAWEI WATCH 5
Model: RTS-AL00
SysVer: RTS-AL00CN 6.0.0.120(SP19C00E101R1P101)
Api: 22
Cpu: arm64-v8a
Resolution: 
-------------------------------[ability]-------------------------------


----------------------------------RenderService----------------------------------
-- ScreenInfo
screen[0]: id=0, powerStatus=POWER_STATUS_ON, backlight=14392, screenType=EXTERNAL_TYPE, render resolution=466x466, physical resolution=466x466, isVirtual=false, skipFrameInterval=1, expectedRefreshRate=-1, skipFrameStrategy=0
supportedMode[0]: 466x466, refreshRate=60
supportedMode[1]: 466x466, refreshRate=30
activeMode: 466x466, refreshRate=60
name=, phyWidth=38, phyHeight=38, supportLayers=12, virtualDispCount=0, propertyCount=0, type=DISP_INTF_HDMI, supportWriteBack=false
isSamplingOn=0, samplingScale=1.00, samplingTranslateX=0.00, samplingTranslateY=0.00
enableVisibleRect=0, mainScreenVisibleRect_=[0,0,0,0]

Battery: 
-------------------------------[ability]-------------------------------


----------------------------------BatteryService----------------------------------
Current time: 2026-03-24 21:56:05.580
capacity: 94 
batteryLevel: 2 
chargingStatus: 1 
healthState: 0 
pluggedType: 3 
voltage: 4475000 
present: 1 
technology: Unknown 
nowCurrent: 153 
currentAverage: 470 
totalEnergy: 825 
remainingEnergy: 775 
remainingChargeTime: 1026432 
temperature: 311 
chargeType: 6 

Storage: Filesystem                  Size  Used Avail Use% Mounted on
/dev/block/by-name/userdata  14G  3.9G   10G  30% /data


=== 2026/3/24 21:56:22 ===
Name: HUAWEI WATCH 5
Model: RTS-AL00
SysVer: RTS-AL00CN 6.0.0.120(SP19C00E101R1P101)
Api: 22
Cpu: arm64-v8a
Resolution: 
-------------------------------[ability]-------------------------------


----------------------------------RenderService----------------------------------
-- ScreenInfo
screen[0]: id=0, powerStatus=POWER_STATUS_ON, backlight=14392, screenType=EXTERNAL_TYPE, render resolution=466x466, physical resolution=466x466, isVirtual=false, skipFrameInterval=1, expectedRefreshRate=-1, skipFrameStrategy=0
supportedMode[0]: 466x466, refreshRate=60
supportedMode[1]: 466x466, refreshRate=30
activeMode: 466x466, refreshRate=60
name=, phyWidth=38, phyHeight=38, supportLayers=12, virtualDispCount=0, propertyCount=0, type=DISP_INTF_HDMI, supportWriteBack=false
isSamplingOn=0, samplingScale=1.00, samplingTranslateX=0.00, samplingTranslateY=0.00
enableVisibleRect=0, mainScreenVisibleRect_=[0,0,0,0]

Battery: 
-------------------------------[ability]-------------------------------


----------------------------------BatteryService----------------------------------
Current time: 2026-03-24 21:56:23.499
capacity: 94 
batteryLevel: 2 
chargingStatus: 1 
healthState: 0 
pluggedType: 3 
voltage: 4476000 
present: 1 
technology: Unknown 
nowCurrent: 152 
currentAverage: 470 
totalEnergy: 825 
remainingEnergy: 775 
remainingChargeTime: 1026432 
temperature: 310 
chargeType: 6 

Storage: Filesystem                  Size  Used Avail Use% Mounted on
/dev/block/by-name/userdata  14G  3.9G   10G  30% /data


